date,permno,ticker,comnam,prc,vol,ret,retx
2008-12-18,89780,LBC,LEHMAN BROS FIRST TR INC OP FD,5.58000,58300,0.064886,0.064886
2008-12-17,89780,LBC,LEHMAN BROS FIRST TR INC OP FD,5.24000,37900,0.050100,0.050100
2008-12-16,89780,LBC,LEHMAN BROS FIRST TR INC OP FD,4.99000,114100,0.008183,0.008183
2008-12-15,89780,LBC,LEHMAN BROS FIRST TR INC OP FD,4.94950,189100,-0.019901,-0.019901
2008-12-12,89780,LBC,LEHMAN BROS FIRST TR INC OP FD,5.05000,39300,0.010000,0.010000
2008-12-11,89780,LBC,LEHMAN BROS FIRST TR INC OP FD,5.00000,80400,0.012146,0.012146
2008-12-10,89780,LBC,LEHMAN BROS FIRST TR INC OP FD,4.94000,65600,-0.012000,-0.012000
2008-12-09,89780,LBC,LEHMAN BROS FIRST TR INC OP FD,5.00000,55600,-0.017682,-0.017682
2008-12-08,89780,LBC,LEHMAN BROS FIRST TR INC OP FD,5.09000,27500,0.009921,0.009921
2008-12-05,89780,LBC,LEHMAN BROS FIRST TR INC OP FD,5.04000,46800,-0.007874,-0.007874
2008-12-04,89780,LBC,LEHMAN BROS FIRST TR INC OP FD,5.08000,36300,0.007937,0.007937
2008-12-03,89780,LBC,LEHMAN BROS FIRST TR INC OP FD,5.04000,78000,-0.038168,-0.038168
2008-12-02,89780,LBC,LEHMAN BROS FIRST TR INC OP FD,5.24000,68000,-0.001905,-0.001905
2008-12-01,89780,LBC,LEHMAN BROS FIRST TR INC OP FD,5.25000,62200,-0.070797,-0.070797
2008-11-28,89780,LBC,LEHMAN BROS FIRST TR INC OP FD,5.65000,21400,0.008929,0.008929
2008-11-26,89780,LBC,LEHMAN BROS FIRST TR INC OP FD,5.60000,42100,0.056604,0.056604
2008-11-25,89780,LBC,LEHMAN BROS FIRST TR INC OP FD,5.30000,120300,0.060000,0.060000
2008-11-24,89780,LBC,LEHMAN BROS FIRST TR INC OP FD,5.00000,68500,0.116071,0.116071
2008-11-21,89780,LBC,LEHMAN BROS FIRST TR INC OP FD,4.48000,62800,-0.093117,-0.093117
2008-11-20,89780,LBC,LEHMAN BROS FIRST TR INC OP FD,4.94000,71500,-0.106691,-0.106691
2008-11-19,89780,LBC,LEHMAN BROS FIRST TR INC OP FD,5.53000,72400,-0.036585,-0.036585
2008-11-18,89780,LBC,LEHMAN BROS FIRST TR INC OP FD,5.74000,68400,-0.021739,-0.040134
2008-11-17,89780,LBC,LEHMAN BROS FIRST TR INC OP FD,5.98000,65900,-0.049285,-0.049285
2008-11-14,89780,LBC,LEHMAN BROS FIRST TR INC OP FD,6.29000,18800,-0.029321,-0.029321
2008-11-13,89780,LBC,LEHMAN BROS FIRST TR INC OP FD,6.48000,33000,0.003096,0.003096
2008-11-12,89780,LBC,LEHMAN BROS FIRST TR INC OP FD,6.46000,59400,-0.045790,-0.045790
2008-11-11,89780,LBC,LEHMAN BROS FIRST TR INC OP FD,6.77000,53500,-0.014556,-0.014556
2008-11-10,89780,LBC,LEHMAN BROS FIRST TR INC OP FD,6.87000,27500,0.011514,0.011514
2008-11-07,89780,LBC,LEHMAN BROS FIRST TR INC OP FD,6.79180,15300,0.004704,0.004704
2008-11-06,89780,LBC,LEHMAN BROS FIRST TR INC OP FD,6.76000,24200,0.000000,0.000000
2008-11-05,89780,LBC,LEHMAN BROS FIRST TR INC OP FD,6.76000,31700,-0.010249,-0.010249
2008-11-04,89780,LBC,LEHMAN BROS FIRST TR INC OP FD,6.83000,9100,0.034849,0.034849
2008-11-03,89780,LBC,LEHMAN BROS FIRST TR INC OP FD,6.60000,42800,0.000000,0.000000
2008-10-31,89780,LBC,LEHMAN BROS FIRST TR INC OP FD,6.60000,53600,0.045164,0.045164
2008-10-30,89780,LBC,LEHMAN BROS FIRST TR INC OP FD,6.31480,14300,0.025130,0.025130
2008-10-29,89780,LBC,LEHMAN BROS FIRST TR INC OP FD,6.16000,41200,-0.004847,-0.004847
2008-10-28,89780,LBC,LEHMAN BROS FIRST TR INC OP FD,6.19000,45200,0.076522,0.076522
2008-10-27,89780,LBC,LEHMAN BROS FIRST TR INC OP FD,5.75000,55200,-0.038462,-0.038462
2008-10-24,89780,LBC,LEHMAN BROS FIRST TR INC OP FD,5.98000,15800,-0.035484,-0.035484
2008-10-23,89780,LBC,LEHMAN BROS FIRST TR INC OP FD,6.20000,27400,-0.023622,-0.023622
2008-10-22,89780,LBC,LEHMAN BROS FIRST TR INC OP FD,6.35000,19700,-0.041529,-0.057850
2008-10-21,89780,LBC,LEHMAN BROS FIRST TR INC OP FD,6.73990,40200,-0.016073,-0.016073
2008-10-20,89780,LBC,LEHMAN BROS FIRST TR INC OP FD,6.85000,114400,0.060372,0.060372
2008-10-17,89780,LBC,LEHMAN BROS FIRST TR INC OP FD,6.46000,91600,0.060755,0.060755
2008-10-16,89780,LBC,LEHMAN BROS FIRST TR INC OP FD,6.09000,89500,-0.008143,-0.008143
2008-10-15,89780,LBC,LEHMAN BROS FIRST TR INC OP FD,6.14000,37400,-0.098385,-0.098385
2008-10-14,89780,LBC,LEHMAN BROS FIRST TR INC OP FD,6.81000,105600,0.080952,0.080952
2008-10-13,89780,LBC,LEHMAN BROS FIRST TR INC OP FD,6.30000,108700,0.223301,0.223301
2008-10-10,89780,LBC,LEHMAN BROS FIRST TR INC OP FD,5.15000,199300,-0.122658,-0.122658
2008-10-09,89780,LBC,LEHMAN BROS FIRST TR INC OP FD,5.87000,131700,-0.062300,-0.062300
2008-10-08,89780,LBC,LEHMAN BROS FIRST TR INC OP FD,6.26000,207600,-0.047184,-0.047184
2008-10-07,89780,LBC,LEHMAN BROS FIRST TR INC OP FD,6.57000,97200,-0.047826,-0.047826
2008-10-06,89780,LBC,LEHMAN BROS FIRST TR INC OP FD,6.90000,153900,-0.107374,-0.107374
2008-10-03,89780,LBC,LEHMAN BROS FIRST TR INC OP FD,7.73000,72700,-0.010243,-0.010243
2008-10-02,89780,LBC,LEHMAN BROS FIRST TR INC OP FD,7.81000,44300,-0.032218,-0.032218
2008-10-01,89780,LBC,LEHMAN BROS FIRST TR INC OP FD,8.07000,48500,0.026718,0.026718
2008-09-30,89780,LBC,LEHMAN BROS FIRST TR INC OP FD,7.86000,43600,0.023438,0.023438
2008-09-29,89780,LBC,LEHMAN BROS FIRST TR INC OP FD,7.68000,113200,-0.124287,-0.124287
2008-09-26,89780,LBC,LEHMAN BROS FIRST TR INC OP FD,8.77000,86200,-0.007919,-0.007919
2008-09-25,89780,LBC,LEHMAN BROS FIRST TR INC OP FD,8.84000,92800,0.016092,0.016092
2008-09-24,89780,LBC,LEHMAN BROS FIRST TR INC OP FD,8.70000,62100,0.013986,0.013986
2008-09-23,89780,LBC,LEHMAN BROS FIRST TR INC OP FD,8.58000,64200,-0.033784,-0.033784
2008-09-22,89780,LBC,LEHMAN BROS FIRST TR INC OP FD,8.88000,83500,-0.032680,-0.032680
2008-09-19,89780,LBC,LEHMAN BROS FIRST TR INC OP FD,9.18000,96000,0.186462,0.172414
2008-09-18,89780,LBC,LEHMAN BROS FIRST TR INC OP FD,7.83000,303600,0.048193,0.048193
2008-09-17,80599,LEH,LEHMAN BROTHERS HOLDINGS INC,0.13000,215333100,-0.566667,-0.566667
2008-09-17,89780,LBC,LEHMAN BROS FIRST TR INC OP FD,7.47000,295100,-0.128355,-0.128355
2008-09-16,80599,LEH,LEHMAN BROTHERS HOLDINGS INC,0.30000,141625000,0.428572,0.428572
2008-09-16,89780,LBC,LEHMAN BROS FIRST TR INC OP FD,8.57000,220800,-0.063388,-0.063388
2008-09-15,80599,LEH,LEHMAN BROTHERS HOLDINGS INC,0.21000,467808800,-0.942466,-0.942466
2008-09-15,89780,LBC,LEHMAN BROS FIRST TR INC OP FD,9.15000,439000,-0.062500,-0.062500
2008-09-12,80599,LEH,LEHMAN BROTHERS HOLDINGS INC,3.65000,307134300,-0.135071,-0.135071
2008-09-12,89780,LBC,LEHMAN BROS FIRST TR INC OP FD,9.76000,152900,-0.018109,-0.018109
2008-09-11,80599,LEH,LEHMAN BROTHERS HOLDINGS INC,4.22000,472639900,-0.417931,-0.417931
2008-09-11,89780,LBC,LEHMAN BROS FIRST TR INC OP FD,9.94000,126900,-0.017787,-0.017787
2008-09-10,89780,LBC,LEHMAN BROS FIRST TR INC OP FD,10.12000,67300,-0.000987,-0.000987
2008-09-10,80599,LEH,LEHMAN BROTHERS HOLDINGS INC,7.25000,256537500,-0.069320,-0.069320
2008-09-09,89780,LBC,LEHMAN BROS FIRST TR INC OP FD,10.13000,62600,-0.022201,-0.022201
2008-09-09,80599,LEH,LEHMAN BROTHERS HOLDINGS INC,7.79000,383517800,-0.449470,-0.449470
2008-09-08,89780,LBC,LEHMAN BROS FIRST TR INC OP FD,10.36000,21000,0.001934,0.001934
2008-09-08,80599,LEH,LEHMAN BROTHERS HOLDINGS INC,14.15000,111407500,-0.126543,-0.126543
2008-09-05,89780,LBC,LEHMAN BROS FIRST TR INC OP FD,10.34000,46300,0.003883,0.003883
2008-09-05,80599,LEH,LEHMAN BROTHERS HOLDINGS INC,16.20000,43327300,0.067897,0.067897
2008-09-04,89780,LBC,LEHMAN BROS FIRST TR INC OP FD,10.30000,28200,-0.013410,-0.013410
2008-09-04,80599,LEH,LEHMAN BROTHERS HOLDINGS INC,15.17000,40231200,-0.104486,-0.104486
2008-09-03,89780,LBC,LEHMAN BROS FIRST TR INC OP FD,10.44000,14200,-0.001912,-0.001912
2008-09-03,80599,LEH,LEHMAN BROTHERS HOLDINGS INC,16.94000,40642500,0.050217,0.050217
2008-09-02,89780,LBC,LEHMAN BROS FIRST TR INC OP FD,10.46000,32600,0.009653,0.009653
2008-09-02,80599,LEH,LEHMAN BROTHERS HOLDINGS INC,16.13000,51677700,0.002486,0.002486
2008-08-29,80599,LEH,LEHMAN BROTHERS HOLDINGS INC,16.09000,31114700,0.013863,0.013863
2008-08-29,89780,LBC,LEHMAN BROS FIRST TR INC OP FD,10.36000,31700,-0.003846,-0.003846
2008-08-28,80599,LEH,LEHMAN BROTHERS HOLDINGS INC,15.87000,36632800,0.073748,0.073748
2008-08-28,89780,LBC,LEHMAN BROS FIRST TR INC OP FD,10.40000,27300,0.006776,0.006776
2008-08-27,80599,LEH,LEHMAN BROTHERS HOLDINGS INC,14.78000,42321600,0.053457,0.053457
2008-08-27,89780,LBC,LEHMAN BROS FIRST TR INC OP FD,10.33000,11200,0.005842,0.005842
2008-08-26,80599,LEH,LEHMAN BROTHERS HOLDINGS INC,14.03000,32104200,0.043123,0.043123
2008-08-26,89780,LBC,LEHMAN BROS FIRST TR INC OP FD,10.27000,33600,0.005877,0.005877
2008-08-25,80599,LEH,LEHMAN BROTHERS HOLDINGS INC,13.45000,60135200,-0.066620,-0.066620
2008-08-25,89780,LBC,LEHMAN BROS FIRST TR INC OP FD,10.21000,14800,-0.000978,-0.000978
2008-08-22,80599,LEH,LEHMAN BROTHERS HOLDINGS INC,14.41000,113074400,0.050292,0.050292
2008-08-22,89780,LBC,LEHMAN BROS FIRST TR INC OP FD,10.22000,20100,0.007890,0.007890
2008-08-21,80599,LEH,LEHMAN BROTHERS HOLDINGS INC,13.72000,72563700,-0.000728,-0.000728
2008-08-21,89780,LBC,LEHMAN BROS FIRST TR INC OP FD,10.14000,22800,-0.011696,-0.011696
2008-08-20,80599,LEH,LEHMAN BROTHERS HOLDINGS INC,13.73000,60519300,0.050497,0.050497
2008-08-20,89780,LBC,LEHMAN BROS FIRST TR INC OP FD,10.26000,36500,0.010721,0.000000
2008-08-19,89780,LBC,LEHMAN BROS FIRST TR INC OP FD,10.26000,12600,0.000000,0.000000
2008-08-19,80599,LEH,LEHMAN BROTHERS HOLDINGS INC,13.07000,60835900,-0.130406,-0.130406
2008-08-18,80599,LEH,LEHMAN BROTHERS HOLDINGS INC,15.03000,30852700,-0.070501,-0.070501
2008-08-18,89780,LBC,LEHMAN BROS FIRST TR INC OP FD,10.26000,11400,-0.009652,-0.009652
2008-08-15,89780,LBC,LEHMAN BROS FIRST TR INC OP FD,10.36000,26600,-0.002887,-0.002887
2008-08-15,80599,LEH,LEHMAN BROTHERS HOLDINGS INC,16.17000,30944000,-0.001852,-0.001852
2008-08-14,80599,LEH,LEHMAN BROTHERS HOLDINGS INC,16.20000,28119900,0.040463,0.040463
2008-08-14,89780,LBC,LEHMAN BROS FIRST TR INC OP FD,10.39000,14200,0.002896,0.002896
2008-08-13,89780,LBC,LEHMAN BROS FIRST TR INC OP FD,10.36000,15300,-0.003846,-0.003846
2008-08-13,80599,LEH,LEHMAN BROTHERS HOLDINGS INC,15.57000,43366500,-0.039482,-0.039482
2008-08-12,89780,LBC,LEHMAN BROS FIRST TR INC OP FD,10.40000,24100,-0.003831,-0.003831
2008-08-12,80599,LEH,LEHMAN BROTHERS HOLDINGS INC,16.21000,30662000,-0.120933,-0.120933
2008-08-11,80599,LEH,LEHMAN BROTHERS HOLDINGS INC,18.44000,25090300,-0.009667,-0.009667
2008-08-11,89780,LBC,LEHMAN BROS FIRST TR INC OP FD,10.44000,30700,0.003846,0.003846
2008-08-08,89780,LBC,LEHMAN BROS FIRST TR INC OP FD,10.40000,50200,0.016618,0.016618
2008-08-08,80599,LEH,LEHMAN BROTHERS HOLDINGS INC,18.62000,23687700,0.053764,0.053764
2008-08-07,80599,LEH,LEHMAN BROTHERS HOLDINGS INC,17.67000,32335500,-0.128055,-0.136364
2008-08-07,89780,LBC,LEHMAN BROS FIRST TR INC OP FD,10.23000,45900,-0.003895,-0.003895
2008-08-06,89780,LBC,LEHMAN BROS FIRST TR INC OP FD,10.27000,53500,-0.008687,-0.008687
2008-08-06,80599,LEH,LEHMAN BROTHERS HOLDINGS INC,20.46000,27406000,0.010870,0.010870
2008-08-05,80599,LEH,LEHMAN BROTHERS HOLDINGS INC,20.24000,36305300,0.128205,0.128205
2008-08-05,89780,LBC,LEHMAN BROS FIRST TR INC OP FD,10.36000,49800,-0.011450,-0.011450
2008-08-04,89780,LBC,LEHMAN BROS FIRST TR INC OP FD,10.48000,11900,-0.001905,-0.001905
2008-08-04,80599,LEH,LEHMAN BROTHERS HOLDINGS INC,17.94000,22785500,-0.038070,-0.038070
2008-08-01,80599,LEH,LEHMAN BROTHERS HOLDINGS INC,18.65000,35464500,0.075548,0.075548
2008-08-01,89780,LBC,LEHMAN BROS FIRST TR INC OP FD,10.50000,17200,-0.000951,-0.000951
2008-07-31,80599,LEH,LEHMAN BROTHERS HOLDINGS INC,17.34000,49311400,-0.048821,-0.048821
2008-07-31,89780,LBC,LEHMAN BROS FIRST TR INC OP FD,10.51000,19100,-0.004735,-0.004735
2008-07-30,80599,LEH,LEHMAN BROTHERS HOLDINGS INC,18.23000,39180700,0.079976,0.079976
2008-07-30,89780,LBC,LEHMAN BROS FIRST TR INC OP FD,10.56000,9900,0.003802,0.003802
2008-07-29,89780,LBC,LEHMAN BROS FIRST TR INC OP FD,10.52000,27600,0.001905,0.001905
2008-07-29,80599,LEH,LEHMAN BROTHERS HOLDINGS INC,16.88000,46615300,0.105435,0.105435
2008-07-28,80599,LEH,LEHMAN BROTHERS HOLDINGS INC,15.27000,33983200,-0.104399,-0.104399
2008-07-28,89780,LBC,LEHMAN BROS FIRST TR INC OP FD,10.50000,25000,0.001908,0.001908
2008-07-25,89780,LBC,LEHMAN BROS FIRST TR INC OP FD,10.48000,24400,-0.005693,-0.005693
2008-07-25,80599,LEH,LEHMAN BROTHERS HOLDINGS INC,17.05000,30619600,-0.079374,-0.079374
2008-07-24,80599,LEH,LEHMAN BROTHERS HOLDINGS INC,18.52000,29086900,-0.122275,-0.122275
2008-07-24,89780,LBC,LEHMAN BROS FIRST TR INC OP FD,10.54000,29400,-0.018622,-0.018622
2008-07-23,80599,LEH,LEHMAN BROTHERS HOLDINGS INC,21.10000,35857500,0.044554,0.044554
2008-07-23,89780,LBC,LEHMAN BROS FIRST TR INC OP FD,10.74000,24100,0.013208,0.013208
2008-07-22,80599,LEH,LEHMAN BROTHERS HOLDINGS INC,20.20000,35309900,0.102620,0.102620
2008-07-22,89780,LBC,LEHMAN BROS FIRST TR INC OP FD,10.60000,45200,0.008475,-0.001883
2008-07-21,89780,LBC,LEHMAN BROS FIRST TR INC OP FD,10.62000,17100,0.010466,0.010466
2008-07-21,80599,LEH,LEHMAN BROTHERS HOLDINGS INC,18.32000,40446000,-0.041340,-0.041340
2008-07-18,89780,LBC,LEHMAN BROS FIRST TR INC OP FD,10.51000,20900,0.002863,0.002863
2008-07-18,80599,LEH,LEHMAN BROTHERS HOLDINGS INC,19.11000,50777500,0.011111,0.011111
2008-07-17,80599,LEH,LEHMAN BROTHERS HOLDINGS INC,18.90000,72752400,0.135135,0.135135
2008-07-17,89780,LBC,LEHMAN BROS FIRST TR INC OP FD,10.48000,29100,0.001912,0.001912
2008-07-16,89780,LBC,LEHMAN BROS FIRST TR INC OP FD,10.46000,73900,0.010628,0.010628
2008-07-16,80599,LEH,LEHMAN BROTHERS HOLDINGS INC,16.65000,83418500,0.259455,0.259455
2008-07-15,89780,LBC,LEHMAN BROS FIRST TR INC OP FD,10.35000,89600,0.000967,0.000967
2008-07-15,80599,LEH,LEHMAN BROTHERS HOLDINGS INC,13.22000,132450300,0.066129,0.066129
2008-07-14,89780,LBC,LEHMAN BROS FIRST TR INC OP FD,10.34000,25900,-0.007678,-0.007678
2008-07-14,80599,LEH,LEHMAN BROTHERS HOLDINGS INC,12.40000,107880400,-0.140679,-0.140679
2008-07-11,89780,LBC,LEHMAN BROS FIRST TR INC OP FD,10.42000,67400,-0.000959,-0.000959
2008-07-11,80599,LEH,LEHMAN BROTHERS HOLDINGS INC,14.43000,174338300,-0.165896,-0.165896
2008-07-10,89780,LBC,LEHMAN BROS FIRST TR INC OP FD,10.43000,42700,-0.003820,-0.003820
2008-07-10,80599,LEH,LEHMAN BROTHERS HOLDINGS INC,17.30000,153195900,-0.123607,-0.123607
2008-07-09,80599,LEH,LEHMAN BROTHERS HOLDINGS INC,19.74000,46384600,-0.113606,-0.113606
2008-07-09,89780,LBC,LEHMAN BROS FIRST TR INC OP FD,10.47000,29100,-0.005698,-0.005698
2008-07-08,80599,LEH,LEHMAN BROTHERS HOLDINGS INC,22.27000,53663400,0.068618,0.068618
2008-07-08,89780,LBC,LEHMAN BROS FIRST TR INC OP FD,10.53000,47200,-0.003784,-0.003784
2008-07-07,80599,LEH,LEHMAN BROTHERS HOLDINGS INC,20.84000,49934300,-0.087965,-0.087965
2008-07-07,89780,LBC,LEHMAN BROS FIRST TR INC OP FD,10.57000,95700,-0.017658,-0.017658
2008-07-03,89780,LBC,LEHMAN BROS FIRST TR INC OP FD,10.76000,27900,-0.016453,-0.016453
2008-07-03,80599,LEH,LEHMAN BROTHERS HOLDINGS INC,22.85000,38007300,0.021914,0.021914
2008-07-02,80599,LEH,LEHMAN BROTHERS HOLDINGS INC,22.36000,73831600,0.066794,0.066794
2008-07-02,89780,LBC,LEHMAN BROS FIRST TR INC OP FD,10.94000,19300,-0.008160,-0.008160
2008-07-01,89780,LBC,LEHMAN BROS FIRST TR INC OP FD,11.03000,128600,-0.020426,-0.020426
2008-07-01,80599,LEH,LEHMAN BROTHERS HOLDINGS INC,20.96000,84753600,0.058052,0.058052
2008-06-30,89780,LBC,LEHMAN BROS FIRST TR INC OP FD,11.26000,62600,-0.011414,-0.011414
2008-06-30,80599,LEH,LEHMAN BROTHERS HOLDINGS INC,19.81000,57495000,-0.109663,-0.109663
2008-06-27,80599,LEH,LEHMAN BROTHERS HOLDINGS INC,22.25000,33269700,-0.015922,-0.015922
2008-06-27,89780,LBC,LEHMAN BROS FIRST TR INC OP FD,11.39000,27800,-0.011285,-0.011285
2008-06-26,89780,LBC,LEHMAN BROS FIRST TR INC OP FD,11.52000,18900,-0.004321,-0.004321
2008-06-26,80599,LEH,LEHMAN BROTHERS HOLDINGS INC,22.61000,29721200,-0.084245,-0.084245
2008-06-25,80599,LEH,LEHMAN BROTHERS HOLDINGS INC,24.69000,29947200,0.013963,0.013963
2008-06-25,89780,LBC,LEHMAN BROS FIRST TR INC OP FD,11.57000,27300,0.009599,0.009599
2008-06-24,80599,LEH,LEHMAN BROTHERS HOLDINGS INC,24.35000,38422000,0.067983,0.067983
2008-06-24,89780,LBC,LEHMAN BROS FIRST TR INC OP FD,11.46000,25600,-0.006932,-0.006932
2008-06-23,89780,LBC,LEHMAN BROS FIRST TR INC OP FD,11.54000,38200,-0.008591,-0.008591
2008-06-23,80599,LEH,LEHMAN BROTHERS HOLDINGS INC,22.80000,23725500,-0.057851,-0.057851
2008-06-20,89780,LBC,LEHMAN BROS FIRST TR INC OP FD,11.64000,35400,-0.012723,-0.012723
2008-06-20,80599,LEH,LEHMAN BROTHERS HOLDINGS INC,24.20000,38995300,-0.010630,-0.010630
2008-06-19,89780,LBC,LEHMAN BROS FIRST TR INC OP FD,11.79000,33900,0.003373,-0.005902
2008-06-19,80599,LEH,LEHMAN BROTHERS HOLDINGS INC,24.46000,33118600,-0.012914,-0.012914
2008-06-18,80599,LEH,LEHMAN BROTHERS HOLDINGS INC,24.78000,60315200,-0.014320,-0.014320
2008-06-18,89780,LBC,LEHMAN BROS FIRST TR INC OP FD,11.86000,18300,0.000844,0.000844
2008-06-17,80599,LEH,LEHMAN BROTHERS HOLDINGS INC,25.14000,54962600,-0.075735,-0.075735
2008-06-17,89780,LBC,LEHMAN BROS FIRST TR INC OP FD,11.85000,43200,-0.006706,-0.006706
2008-06-16,89780,LBC,LEHMAN BROS FIRST TR INC OP FD,11.93000,23900,0.002521,0.002521
2008-06-16,80599,LEH,LEHMAN BROTHERS HOLDINGS INC,27.20000,74562500,0.053855,0.053855
2008-06-13,89780,LBC,LEHMAN BROS FIRST TR INC OP FD,11.90000,20100,0.009330,0.009330
2008-06-13,80599,LEH,LEHMAN BROTHERS HOLDINGS INC,25.81000,82556100,0.137004,0.137004
2008-06-12,80599,LEH,LEHMAN BROTHERS HOLDINGS INC,22.70000,173550600,-0.044211,-0.044211
2008-06-12,89780,LBC,LEHMAN BROS FIRST TR INC OP FD,11.79000,31500,-0.010906,-0.010906
2008-06-11,80599,LEH,LEHMAN BROTHERS HOLDINGS INC,23.75000,117299600,-0.136364,-0.136364
2008-06-11,89780,LBC,LEHMAN BROS FIRST TR INC OP FD,11.92000,24300,-0.019737,-0.019737
2008-06-10,89780,LBC,LEHMAN BROS FIRST TR INC OP FD,12.16000,33700,0.013333,0.013333
2008-06-10,80599,LEH,LEHMAN BROTHERS HOLDINGS INC,27.50000,98174700,-0.067164,-0.067164
2008-06-09,80599,LEH,LEHMAN BROTHERS HOLDINGS INC,29.48000,168319800,-0.087024,-0.087024
2008-06-09,89780,LBC,LEHMAN BROS FIRST TR INC OP FD,12.00000,102400,-0.026764,-0.026764
2008-06-06,89780,LBC,LEHMAN BROS FIRST TR INC OP FD,12.33000,22500,-0.001619,-0.001619
2008-06-06,80599,LEH,LEHMAN BROTHERS HOLDINGS INC,32.29000,45279300,-0.046086,-0.046086
2008-06-05,80599,LEH,LEHMAN BROTHERS HOLDINGS INC,33.85000,74844100,0.078025,0.078025
2008-06-05,89780,LBC,LEHMAN BROS FIRST TR INC OP FD,12.35000,38800,0.000000,0.000000
2008-06-04,89780,LBC,LEHMAN BROS FIRST TR INC OP FD,12.35000,67400,-0.007235,-0.007235
2008-06-04,80599,LEH,LEHMAN BROTHERS HOLDINGS INC,31.40000,113984800,0.025809,0.025809
2008-06-03,89780,LBC,LEHMAN BROS FIRST TR INC OP FD,12.44000,39900,0.001610,0.001610
2008-06-03,80599,LEH,LEHMAN BROTHERS HOLDINGS INC,30.61000,136822900,-0.095182,-0.095182
2008-06-02,80599,LEH,LEHMAN BROTHERS HOLDINGS INC,33.83000,39901300,-0.080956,-0.080956
2008-06-02,89780,LBC,LEHMAN BROS FIRST TR INC OP FD,12.42000,52700,0.000000,0.000000
2008-05-30,89780,LBC,LEHMAN BROS FIRST TR INC OP FD,12.42000,24900,-0.000805,-0.000805
2008-05-30,80599,LEH,LEHMAN BROTHERS HOLDINGS INC,36.81000,12727100,-0.014985,-0.014985
2008-05-29,80599,LEH,LEHMAN BROTHERS HOLDINGS INC,37.37000,27076100,0.014387,0.014387
2008-05-29,89780,LBC,LEHMAN BROS FIRST TR INC OP FD,12.43000,34300,-0.011924,-0.011924
2008-05-28,80599,LEH,LEHMAN BROTHERS HOLDINGS INC,36.84000,29906200,-0.009677,-0.009677
2008-05-28,89780,LBC,LEHMAN BROS FIRST TR INC OP FD,12.58000,53500,0.002390,0.002390
2008-05-27,89780,LBC,LEHMAN BROS FIRST TR INC OP FD,12.55000,29800,0.012097,0.012097
2008-05-27,80599,LEH,LEHMAN BROTHERS HOLDINGS INC,37.20000,30063300,0.030186,0.030186
2008-05-23,80599,LEH,LEHMAN BROTHERS HOLDINGS INC,36.11000,37386200,-0.062078,-0.062078
2008-05-23,89780,LBC,LEHMAN BROS FIRST TR INC OP FD,12.40000,28500,-0.004815,-0.004815
2008-05-22,80599,LEH,LEHMAN BROTHERS HOLDINGS INC,38.50000,27220300,-0.026795,-0.026795
2008-05-22,89780,LBC,LEHMAN BROS FIRST TR INC OP FD,12.46000,50100,0.004029,0.004029
2008-05-21,89780,LBC,LEHMAN BROS FIRST TR INC OP FD,12.41000,18800,-0.002412,-0.002412
2008-05-21,80599,LEH,LEHMAN BROTHERS HOLDINGS INC,39.56000,32443800,-0.058095,-0.058095
2008-05-20,89780,LBC,LEHMAN BROS FIRST TR INC OP FD,12.44000,29800,-0.000796,-0.009554
2008-05-20,80599,LEH,LEHMAN BROTHERS HOLDINGS INC,42.00000,17148100,-0.018462,-0.018462
2008-05-19,89780,LBC,LEHMAN BROS FIRST TR INC OP FD,12.56000,38500,0.002394,0.002394
2008-05-19,80599,LEH,LEHMAN BROTHERS HOLDINGS INC,42.79000,15366600,-0.019478,-0.019478
2008-05-16,80599,LEH,LEHMAN BROTHERS HOLDINGS INC,43.64000,16259900,-0.025240,-0.025240
2008-05-16,89780,LBC,LEHMAN BROS FIRST TR INC OP FD,12.53000,33200,0.011299,0.011299
2008-05-15,80599,LEH,LEHMAN BROTHERS HOLDINGS INC,44.77000,17626000,0.060147,0.060147
2008-05-15,89780,LBC,LEHMAN BROS FIRST TR INC OP FD,12.39000,29900,0.000808,0.000808
2008-05-14,80599,LEH,LEHMAN BROTHERS HOLDINGS INC,42.23000,17026200,-0.016764,-0.016764
2008-05-14,89780,LBC,LEHMAN BROS FIRST TR INC OP FD,12.38000,51100,0.009788,0.009788
2008-05-13,89780,LBC,LEHMAN BROS FIRST TR INC OP FD,12.26000,30600,0.002453,0.002453
2008-05-13,80599,LEH,LEHMAN BROTHERS HOLDINGS INC,42.95000,17272000,-0.035778,-0.039580
2008-05-12,80599,LEH,LEHMAN BROTHERS HOLDINGS INC,44.72000,13846000,0.027102,0.027102
2008-05-12,89780,LBC,LEHMAN BROS FIRST TR INC OP FD,12.23000,41000,-0.000817,-0.000817
2008-05-09,89780,LBC,LEHMAN BROS FIRST TR INC OP FD,12.24000,34900,-0.001631,-0.001631
2008-05-09,80599,LEH,LEHMAN BROTHERS HOLDINGS INC,43.54000,13758500,0.014209,0.014209
2008-05-08,80599,LEH,LEHMAN BROTHERS HOLDINGS INC,42.93000,18542100,-0.016270,-0.016270
2008-05-08,89780,LBC,LEHMAN BROS FIRST TR INC OP FD,12.26000,24400,0.006568,0.006568
2008-05-07,80599,LEH,LEHMAN BROTHERS HOLDINGS INC,43.64000,16504100,-0.057655,-0.057655
2008-05-07,89780,LBC,LEHMAN BROS FIRST TR INC OP FD,12.18000,24900,0.001645,0.001645
2008-05-06,89780,LBC,LEHMAN BROS FIRST TR INC OP FD,12.16000,53800,0.000823,0.000823
2008-05-06,80599,LEH,LEHMAN BROTHERS HOLDINGS INC,46.31000,17992700,0.011135,0.011135
2008-05-05,89780,LBC,LEHMAN BROS FIRST TR INC OP FD,12.15000,32300,0.003303,0.003303
2008-05-05,80599,LEH,LEHMAN BROTHERS HOLDINGS INC,45.80000,12223800,-0.025946,-0.025946
2008-05-02,89780,LBC,LEHMAN BROS FIRST TR INC OP FD,12.11000,15700,0.003314,0.003314
2008-05-02,80599,LEH,LEHMAN BROTHERS HOLDINGS INC,47.02000,17749600,0.001918,0.001918
2008-05-01,80599,LEH,LEHMAN BROTHERS HOLDINGS INC,46.93000,21378100,0.060805,0.060805
2008-05-01,89780,LBC,LEHMAN BROS FIRST TR INC OP FD,12.07000,20500,0.002492,0.002492
2008-04-30,89780,LBC,LEHMAN BROS FIRST TR INC OP FD,12.04000,18000,0.003333,0.003333
2008-04-30,80599,LEH,LEHMAN BROTHERS HOLDINGS INC,44.24000,20810300,-0.050032,-0.050032
2008-04-29,80599,LEH,LEHMAN BROTHERS HOLDINGS INC,46.57000,11850800,-0.019992,-0.019992
2008-04-29,89780,LBC,LEHMAN BROS FIRST TR INC OP FD,12.00000,25400,0.000834,0.000834
2008-04-28,89780,LBC,LEHMAN BROS FIRST TR INC OP FD,11.99000,37200,0.006717,0.006717
2008-04-28,80599,LEH,LEHMAN BROTHERS HOLDINGS INC,47.52000,13433900,0.013868,0.013868
2008-04-25,89780,LBC,LEHMAN BROS FIRST TR INC OP FD,11.91000,40800,-0.005843,-0.005843
2008-04-25,80599,LEH,LEHMAN BROTHERS HOLDINGS INC,46.87000,17353300,0.010565,0.010565
2008-04-24,80599,LEH,LEHMAN BROTHERS HOLDINGS INC,46.38000,22194000,0.061570,0.061570
2008-04-24,89780,LBC,LEHMAN BROS FIRST TR INC OP FD,11.98000,51900,0.002510,0.002510
2008-04-23,80599,LEH,LEHMAN BROTHERS HOLDINGS INC,43.69000,13665000,-0.019744,-0.019744
2008-04-23,89780,LBC,LEHMAN BROS FIRST TR INC OP FD,11.95000,36700,0.013571,0.013571
2008-04-22,89780,LBC,LEHMAN BROS FIRST TR INC OP FD,11.79000,30800,0.000849,0.000849
2008-04-22,80599,LEH,LEHMAN BROTHERS HOLDINGS INC,44.57000,11851700,-0.011752,-0.011752
2008-04-21,80599,LEH,LEHMAN BROTHERS HOLDINGS INC,45.10000,12002800,-0.008791,-0.008791
2008-04-21,89780,LBC,LEHMAN BROS FIRST TR INC OP FD,11.78000,65800,0.001693,-0.007574
2008-04-18,89780,LBC,LEHMAN BROS FIRST TR INC OP FD,11.86990,36800,0.018876,0.018876
2008-04-18,80599,LEH,LEHMAN BROTHERS HOLDINGS INC,45.50000,28908700,0.042622,0.042622
2008-04-17,80599,LEH,LEHMAN BROTHERS HOLDINGS INC,43.64000,22095200,0.046021,0.046021
2008-04-17,89780,LBC,LEHMAN BROS FIRST TR INC OP FD,11.65000,30100,0.018357,0.018357
2008-04-16,80599,LEH,LEHMAN BROTHERS HOLDINGS INC,41.72000,20667400,0.051676,0.051676
2008-04-16,89780,LBC,LEHMAN BROS FIRST TR INC OP FD,11.44000,77400,-0.017182,-0.017182
2008-04-15,80599,LEH,LEHMAN BROTHERS HOLDINGS INC,39.67000,22156700,0.007364,0.007364
2008-04-15,89780,LBC,LEHMAN BROS FIRST TR INC OP FD,11.64000,38600,-0.000858,-0.000858
2008-04-14,89780,LBC,LEHMAN BROS FIRST TR INC OP FD,11.65000,25700,-0.000858,-0.000858
2008-04-14,80599,LEH,LEHMAN BROTHERS HOLDINGS INC,39.38000,20100400,-0.012290,-0.012290
2008-04-11,80599,LEH,LEHMAN BROTHERS HOLDINGS INC,39.87000,27743100,-0.009441,-0.009441
2008-04-11,89780,LBC,LEHMAN BROS FIRST TR INC OP FD,11.66000,54200,0.008650,0.008650
2008-04-10,80599,LEH,LEHMAN BROTHERS HOLDINGS INC,40.25000,32384900,-0.007153,-0.007153
2008-04-10,89780,LBC,LEHMAN BROS FIRST TR INC OP FD,11.56000,25600,-0.003448,-0.003448
2008-04-09,80599,LEH,LEHMAN BROTHERS HOLDINGS INC,40.54000,34095500,-0.071674,-0.071674
2008-04-09,89780,LBC,LEHMAN BROS FIRST TR INC OP FD,11.60000,34200,-0.005998,-0.005998
2008-04-08,89780,LBC,LEHMAN BROS FIRST TR INC OP FD,11.67000,41500,-0.004266,-0.004266
2008-04-08,80599,LEH,LEHMAN BROTHERS HOLDINGS INC,43.67000,21150200,-0.020852,-0.020852
2008-04-07,89780,LBC,LEHMAN BROS FIRST TR INC OP FD,11.72000,74000,0.038087,0.038087
2008-04-07,80599,LEH,LEHMAN BROTHERS HOLDINGS INC,44.60000,19575600,0.012486,0.012486
2008-04-04,80599,LEH,LEHMAN BROTHERS HOLDINGS INC,44.05000,19408600,0.016851,0.016851
2008-04-04,89780,LBC,LEHMAN BROS FIRST TR INC OP FD,11.29000,19300,0.000887,0.000887
2008-04-03,80599,LEH,LEHMAN BROTHERS HOLDINGS INC,43.32000,28427900,-0.017018,-0.017018
2008-04-03,89780,LBC,LEHMAN BROS FIRST TR INC OP FD,11.28000,61300,-0.006167,-0.006167
2008-04-02,80599,LEH,LEHMAN BROTHERS HOLDINGS INC,44.07000,35507000,-0.006089,-0.006089
2008-04-02,89780,LBC,LEHMAN BROS FIRST TR INC OP FD,11.35000,22400,0.011587,0.011587
2008-04-01,89780,LBC,LEHMAN BROS FIRST TR INC OP FD,11.22000,35300,0.021858,0.021858
2008-04-01,80599,LEH,LEHMAN BROTHERS HOLDINGS INC,44.34000,77122700,0.178002,0.178002
2008-03-31,80599,LEH,LEHMAN BROTHERS HOLDINGS INC,37.64000,38331100,-0.006073,-0.006073
2008-03-31,89780,LBC,LEHMAN BROS FIRST TR INC OP FD,10.98000,36800,0.005494,0.005494
2008-03-28,89780,LBC,LEHMAN BROS FIRST TR INC OP FD,10.92000,28600,-0.012658,-0.012658
2008-03-28,80599,LEH,LEHMAN BROTHERS HOLDINGS INC,37.87000,49101700,-0.021700,-0.021700
2008-03-27,80599,LEH,LEHMAN BROTHERS HOLDINGS INC,38.71000,69168700,-0.088962,-0.088962
2008-03-27,89780,LBC,LEHMAN BROS FIRST TR INC OP FD,11.06000,29400,0.005455,0.005455
2008-03-26,80599,LEH,LEHMAN BROTHERS HOLDINGS INC,42.49000,23791900,-0.060164,-0.060164
2008-03-26,89780,LBC,LEHMAN BROS FIRST TR INC OP FD,11.00000,31900,0.008249,0.008249
2008-03-25,89780,LBC,LEHMAN BROS FIRST TR INC OP FD,10.91000,27600,0.004604,0.004604
2008-03-25,80599,LEH,LEHMAN BROTHERS HOLDINGS INC,45.21000,21400100,-0.030660,-0.030660
2008-03-24,80599,LEH,LEHMAN BROTHERS HOLDINGS INC,46.64000,33438400,-0.041316,-0.041316
2008-03-24,89780,LBC,LEHMAN BROS FIRST TR INC OP FD,10.86000,48500,0.014006,0.014006
2008-03-20,89780,LBC,LEHMAN BROS FIRST TR INC OP FD,10.71000,36200,0.011331,0.011331
2008-03-20,80599,LEH,LEHMAN BROTHERS HOLDINGS INC,48.65000,40607700,0.152025,0.152025
2008-03-19,89780,LBC,LEHMAN BROS FIRST TR INC OP FD,10.59000,27900,0.000936,-0.009354
2008-03-19,80599,LEH,LEHMAN BROTHERS HOLDINGS INC,42.23000,51979300,-0.091633,-0.091633
2008-03-18,80599,LEH,LEHMAN BROTHERS HOLDINGS INC,46.49000,143046900,0.464252,0.464252
2008-03-18,89780,LBC,LEHMAN BROS FIRST TR INC OP FD,10.69000,62800,-0.003728,-0.003728
2008-03-17,80599,LEH,LEHMAN BROTHERS HOLDINGS INC,31.75000,224596100,-0.191289,-0.191289
2008-03-17,89780,LBC,LEHMAN BROS FIRST TR INC OP FD,10.73000,125600,-0.027199,-0.027199
2008-03-14,80599,LEH,LEHMAN BROTHERS HOLDINGS INC,39.26000,79455200,-0.146336,-0.146336
2008-03-14,89780,LBC,LEHMAN BROS FIRST TR INC OP FD,11.03000,118000,-0.008985,-0.008985
2008-03-13,89780,LBC,LEHMAN BROS FIRST TR INC OP FD,11.13000,53900,-0.000889,-0.000889
2008-03-13,80599,LEH,LEHMAN BROTHERS HOLDINGS INC,45.99000,35223300,0.023137,0.023137
2008-03-12,80599,LEH,LEHMAN BROTHERS HOLDINGS INC,44.95000,24379500,-0.029367,-0.029367
2008-03-12,89780,LBC,LEHMAN BROS FIRST TR INC OP FD,11.13990,10800,-0.001801,-0.001801
2008-03-11,80599,LEH,LEHMAN BROTHERS HOLDINGS INC,46.31000,41652800,0.077478,0.077478
2008-03-11,89780,LBC,LEHMAN BROS FIRST TR INC OP FD,11.16000,28900,0.024793,0.024793
2008-03-10,80599,LEH,LEHMAN BROTHERS HOLDINGS INC,42.98000,30881000,-0.072908,-0.072908
2008-03-10,89780,LBC,LEHMAN BROS FIRST TR INC OP FD,10.89000,98700,-0.034574,-0.034574
2008-03-07,89780,LBC,LEHMAN BROS FIRST TR INC OP FD,11.28000,22100,-0.000886,-0.000886
2008-03-07,80599,LEH,LEHMAN BROTHERS HOLDINGS INC,46.36000,21634400,0.007169,0.007169
2008-03-06,80599,LEH,LEHMAN BROTHERS HOLDINGS INC,46.03000,26727400,-0.042239,-0.042239
2008-03-06,89780,LBC,LEHMAN BROS FIRST TR INC OP FD,11.29000,28400,-0.014834,-0.014834
2008-03-05,89780,LBC,LEHMAN BROS FIRST TR INC OP FD,11.46000,47300,0.007030,0.007030
2008-03-05,80599,LEH,LEHMAN BROTHERS HOLDINGS INC,48.06000,18956600,-0.005998,-0.005998
2008-03-04,89780,LBC,LEHMAN BROS FIRST TR INC OP FD,11.38000,22600,-0.013865,-0.013865
2008-03-04,80599,LEH,LEHMAN BROTHERS HOLDINGS INC,48.35000,28333900,-0.005349,-0.005349
2008-03-03,89780,LBC,LEHMAN BROS FIRST TR INC OP FD,11.54000,38600,0.017637,0.017637
2008-03-03,80599,LEH,LEHMAN BROTHERS HOLDINGS INC,48.61000,23572400,-0.046676,-0.046676
2008-02-29,80599,LEH,LEHMAN BROTHERS HOLDINGS INC,50.99000,19654400,-0.067484,-0.067484
2008-02-29,89780,LBC,LEHMAN BROS FIRST TR INC OP FD,11.34000,78200,-0.030769,-0.030769
2008-02-28,89780,LBC,LEHMAN BROS FIRST TR INC OP FD,11.70000,56400,-0.002558,-0.002558
2008-02-28,80599,LEH,LEHMAN BROTHERS HOLDINGS INC,54.68000,14228600,-0.048382,-0.048382
2008-02-27,80599,LEH,LEHMAN BROTHERS HOLDINGS INC,57.46000,12561800,0.010908,0.010908
2008-02-27,89780,LBC,LEHMAN BROS FIRST TR INC OP FD,11.73000,35300,0.004281,0.004281
2008-02-26,89780,LBC,LEHMAN BROS FIRST TR INC OP FD,11.68000,54200,0.009507,0.009507
2008-02-26,80599,LEH,LEHMAN BROTHERS HOLDINGS INC,56.84000,17729300,0.022854,0.022854
2008-02-25,89780,LBC,LEHMAN BROS FIRST TR INC OP FD,11.57000,29700,0.017590,0.017590
2008-02-25,80599,LEH,LEHMAN BROTHERS HOLDINGS INC,55.57000,16626100,0.024899,0.024899
2008-02-22,80599,LEH,LEHMAN BROTHERS HOLDINGS INC,54.22000,14981300,0.001478,0.001478
2008-02-22,89780,LBC,LEHMAN BROS FIRST TR INC OP FD,11.37000,37000,0.007086,0.007086
2008-02-21,89780,LBC,LEHMAN BROS FIRST TR INC OP FD,11.29000,35300,-0.011384,-0.011384
2008-02-21,80599,LEH,LEHMAN BROTHERS HOLDINGS INC,54.14000,13586400,-0.022567,-0.022567
2008-02-20,80599,LEH,LEHMAN BROTHERS HOLDINGS INC,55.39000,19754300,0.033974,0.033974
2008-02-20,89780,LBC,LEHMAN BROS FIRST TR INC OP FD,11.42000,96300,0.008749,-0.000875
2008-02-19,80599,LEH,LEHMAN BROTHERS HOLDINGS INC,53.57000,15219600,-0.021910,-0.021910
2008-02-19,89780,LBC,LEHMAN BROS FIRST TR INC OP FD,11.43000,44900,0.000000,0.000000
2008-02-15,80599,LEH,LEHMAN BROTHERS HOLDINGS INC,54.77000,12827300,0.006987,0.006987
2008-02-15,89780,LBC,LEHMAN BROS FIRST TR INC OP FD,11.43000,38200,0.015098,0.015098
2008-02-14,89780,LBC,LEHMAN BROS FIRST TR INC OP FD,11.26000,86100,-0.038429,-0.038429
2008-02-14,80599,LEH,LEHMAN BROTHERS HOLDINGS INC,54.39000,15377700,-0.016634,-0.016634
2008-02-13,80599,LEH,LEHMAN BROTHERS HOLDINGS INC,55.31000,18068800,-0.013864,-0.016886
2008-02-13,89780,LBC,LEHMAN BROS FIRST TR INC OP FD,11.71000,56800,-0.011814,-0.011814
2008-02-12,89780,LBC,LEHMAN BROS FIRST TR INC OP FD,11.85000,31700,-0.000843,-0.000843
2008-02-12,80599,LEH,LEHMAN BROTHERS HOLDINGS INC,56.26000,20995500,-0.034163,-0.034163
2008-02-11,80599,LEH,LEHMAN BROTHERS HOLDINGS INC,58.25000,13050800,-0.029814,-0.029814
2008-02-11,89780,LBC,LEHMAN BROS FIRST TR INC OP FD,11.86000,44700,-0.005868,-0.005868
2008-02-08,80599,LEH,LEHMAN BROTHERS HOLDINGS INC,60.04000,11347500,-0.007275,-0.007275
2008-02-08,89780,LBC,LEHMAN BROS FIRST TR INC OP FD,11.93000,42400,-0.002508,-0.002508
2008-02-07,80599,LEH,LEHMAN BROTHERS HOLDINGS INC,60.48000,15845300,0.039533,0.039533
2008-02-07,89780,LBC,LEHMAN BROS FIRST TR INC OP FD,11.96000,36500,-0.001669,-0.001669
2008-02-06,89780,LBC,LEHMAN BROS FIRST TR INC OP FD,11.98000,34300,-0.003328,-0.003328
2008-02-06,80599,LEH,LEHMAN BROTHERS HOLDINGS INC,58.18000,15526200,-0.027416,-0.027416
2008-02-05,89780,LBC,LEHMAN BROS FIRST TR INC OP FD,12.02000,34200,-0.004142,-0.004142
2008-02-05,80599,LEH,LEHMAN BROTHERS HOLDINGS INC,59.82000,15263900,-0.062676,-0.062676
2008-02-04,80599,LEH,LEHMAN BROTHERS HOLDINGS INC,63.82000,10370600,-0.033030,-0.033030
2008-02-04,89780,LBC,LEHMAN BROS FIRST TR INC OP FD,12.07000,24900,-0.001654,-0.001654
2008-02-01,89780,LBC,LEHMAN BROS FIRST TR INC OP FD,12.09000,49600,0.006661,0.006661
2008-02-01,80599,LEH,LEHMAN BROTHERS HOLDINGS INC,66.00000,17823300,0.030445,0.030445
2008-01-31,89780,LBC,LEHMAN BROS FIRST TR INC OP FD,12.01000,55500,0.000833,0.000833
2008-01-31,80599,LEH,LEHMAN BROTHERS HOLDINGS INC,64.05000,21190000,0.023327,0.023327
2008-01-30,80599,LEH,LEHMAN BROTHERS HOLDINGS INC,62.59000,23821800,0.000960,0.000960
2008-01-30,89780,LBC,LEHMAN BROS FIRST TR INC OP FD,12.00000,21100,0.008403,0.008403
2008-01-29,80599,LEH,LEHMAN BROTHERS HOLDINGS INC,62.53000,12074100,0.031338,0.031338
2008-01-29,89780,LBC,LEHMAN BROS FIRST TR INC OP FD,11.90000,20900,0.013629,0.013629
2008-01-28,80599,LEH,LEHMAN BROTHERS HOLDINGS INC,60.63000,12174800,0.047693,0.047693
2008-01-28,89780,LBC,LEHMAN BROS FIRST TR INC OP FD,11.74000,75900,0.007725,0.007725
2008-01-25,80599,LEH,LEHMAN BROTHERS HOLDINGS INC,57.87000,14005500,-0.028375,-0.028375
2008-01-25,89780,LBC,LEHMAN BROS FIRST TR INC OP FD,11.65000,52000,0.003445,0.003445
2008-01-24,80599,LEH,LEHMAN BROTHERS HOLDINGS INC,59.56000,17541100,0.010176,0.010176
2008-01-24,89780,LBC,LEHMAN BROS FIRST TR INC OP FD,11.61000,59900,0.005195,0.005195
2008-01-23,80599,LEH,LEHMAN BROTHERS HOLDINGS INC,58.96000,29083800,0.073366,0.073366
2008-01-23,89780,LBC,LEHMAN BROS FIRST TR INC OP FD,11.55000,24500,0.014939,0.014939
2008-01-22,89780,LBC,LEHMAN BROS FIRST TR INC OP FD,11.38000,51400,-0.009483,-0.018966
2008-01-22,80599,LEH,LEHMAN BROTHERS HOLDINGS INC,54.93000,24831300,0.031549,0.031549
2008-01-18,80599,LEH,LEHMAN BROTHERS HOLDINGS INC,53.25000,25016900,-0.025796,-0.025796
2008-01-18,89780,LBC,LEHMAN BROS FIRST TR INC OP FD,11.60000,63300,-0.013605,-0.013605
2008-01-17,89780,LBC,LEHMAN BROS FIRST TR INC OP FD,11.76000,58500,0.000851,0.000851
2008-01-17,80599,LEH,LEHMAN BROTHERS HOLDINGS INC,54.66000,23158100,-0.058560,-0.058560
2008-01-16,89780,LBC,LEHMAN BROS FIRST TR INC OP FD,11.75000,30500,0.005133,0.005133
2008-01-16,80599,LEH,LEHMAN BROTHERS HOLDINGS INC,58.06000,17001600,0.042183,0.042183
2008-01-15,80599,LEH,LEHMAN BROTHERS HOLDINGS INC,55.71000,13964600,-0.058953,-0.058953
2008-01-15,89780,LBC,LEHMAN BROS FIRST TR INC OP FD,11.69000,58300,0.000000,0.000000
2008-01-14,80599,LEH,LEHMAN BROTHERS HOLDINGS INC,59.20000,9529300,0.018057,0.018057
2008-01-14,89780,LBC,LEHMAN BROS FIRST TR INC OP FD,11.69000,58900,0.008637,0.008637
2008-01-11,89780,LBC,LEHMAN BROS FIRST TR INC OP FD,11.58990,56400,0.006942,0.006942
2008-01-11,80599,LEH,LEHMAN BROTHERS HOLDINGS INC,58.15000,16756100,0.005707,0.005707
2008-01-10,80599,LEH,LEHMAN BROTHERS HOLDINGS INC,57.82000,21488100,0.051464,0.051464
2008-01-10,89780,LBC,LEHMAN BROS FIRST TR INC OP FD,11.51000,66600,-0.016239,-0.016239
2008-01-09,89780,LBC,LEHMAN BROS FIRST TR INC OP FD,11.70000,51700,0.001712,0.001712
2008-01-09,80599,LEH,LEHMAN BROTHERS HOLDINGS INC,54.99000,23267900,-0.011860,-0.011860
2008-01-08,89780,LBC,LEHMAN BROS FIRST TR INC OP FD,11.68000,44300,0.011255,0.011255
2008-01-08,80599,LEH,LEHMAN BROTHERS HOLDINGS INC,55.65000,14651600,-0.041344,-0.041344
2008-01-07,80599,LEH,LEHMAN BROTHERS HOLDINGS INC,58.05000,14362600,-0.005141,-0.005141
2008-01-07,89780,LBC,LEHMAN BROS FIRST TR INC OP FD,11.55000,49700,-0.023669,-0.023669
2008-01-04,80599,LEH,LEHMAN BROTHERS HOLDINGS INC,58.35000,13166200,-0.043443,-0.043443
2008-01-04,89780,LBC,LEHMAN BROS FIRST TR INC OP FD,11.83000,34100,0.001693,0.001693
2008-01-03,80599,LEH,LEHMAN BROTHERS HOLDINGS INC,61.00000,8438900,-0.019135,-0.019135
2008-01-03,89780,LBC,LEHMAN BROS FIRST TR INC OP FD,11.81000,35400,-0.001691,-0.001691
2008-01-02,80599,LEH,LEHMAN BROTHERS HOLDINGS INC,62.19000,11124800,-0.049664,-0.049664
2008-01-02,89780,LBC,LEHMAN BROS FIRST TR INC OP FD,11.83000,54700,0.000846,0.000846
2007-12-31,80599,LEH,LEHMAN BROTHERS HOLDINGS INC,65.44000,6925400,0.012063,0.012063
2007-12-31,89780,LBC,LEHMAN BROS FIRST TR INC OP FD,11.82000,120800,0.032314,0.032314
2007-12-28,89780,LBC,LEHMAN BROS FIRST TR INC OP FD,11.45000,100100,0.000874,0.000874
2007-12-28,80599,LEH,LEHMAN BROTHERS HOLDINGS INC,64.66000,6206100,0.008265,0.008265
2007-12-27,80599,LEH,LEHMAN BROTHERS HOLDINGS INC,64.13000,7429700,-0.017616,-0.017616
2007-12-27,89780,LBC,LEHMAN BROS FIRST TR INC OP FD,11.44000,66500,0.001751,0.001751
2007-12-26,80599,LEH,LEHMAN BROTHERS HOLDINGS INC,65.28000,5742600,-0.005636,-0.005636
2007-12-26,89780,LBC,LEHMAN BROS FIRST TR INC OP FD,11.42000,120000,-0.004359,-0.004359
2007-12-24,89780,LBC,LEHMAN BROS FIRST TR INC OP FD,11.47000,77100,0.010573,0.010573
2007-12-24,80599,LEH,LEHMAN BROTHERS HOLDINGS INC,65.65000,4156700,0.016726,0.016726
2007-12-21,89780,LBC,LEHMAN BROS FIRST TR INC OP FD,11.35000,46200,0.008889,0.008889
2007-12-21,80599,LEH,LEHMAN BROTHERS HOLDINGS INC,64.57000,10856000,0.035938,0.035938
2007-12-20,80599,LEH,LEHMAN BROTHERS HOLDINGS INC,62.33000,9751900,0.007109,0.007109
2007-12-20,89780,LBC,LEHMAN BROS FIRST TR INC OP FD,11.25000,82600,-0.021739,-0.021739
2007-12-19,80599,LEH,LEHMAN BROTHERS HOLDINGS INC,61.89000,10778500,0.016256,0.016256
2007-12-19,89780,LBC,LEHMAN BROS FIRST TR INC OP FD,11.50000,123200,0.023057,-0.017933
2007-12-18,89780,LBC,LEHMAN BROS FIRST TR INC OP FD,11.71000,104300,-0.003404,-0.003404
2007-12-18,80599,LEH,LEHMAN BROTHERS HOLDINGS INC,60.90000,15646700,-0.010239,-0.010239
2007-12-17,89780,LBC,LEHMAN BROS FIRST TR INC OP FD,11.75000,84900,-0.023275,-0.023275
2007-12-17,80599,LEH,LEHMAN BROTHERS HOLDINGS INC,61.53000,10345500,-0.011408,-0.011408
2007-12-14,89780,LBC,LEHMAN BROS FIRST TR INC OP FD,12.03000,32000,-0.002488,-0.002488
2007-12-14,80599,LEH,LEHMAN BROTHERS HOLDINGS INC,62.24000,15391800,0.014176,0.014176
2007-12-13,80599,LEH,LEHMAN BROTHERS HOLDINGS INC,61.37000,28487800,-0.007279,-0.007279
2007-12-13,89780,LBC,LEHMAN BROS FIRST TR INC OP FD,12.06000,21700,-0.016313,-0.016313
2007-12-12,89780,LBC,LEHMAN BROS FIRST TR INC OP FD,12.26000,30500,0.010717,0.010717
2007-12-12,80599,LEH,LEHMAN BROTHERS HOLDINGS INC,61.82000,26469800,0.011122,0.011122
2007-12-11,89780,LBC,LEHMAN BROS FIRST TR INC OP FD,12.13000,36500,-0.006552,-0.006552
2007-12-11,80599,LEH,LEHMAN BROTHERS HOLDINGS INC,61.14000,17853800,-0.068698,-0.068698
2007-12-10,80599,LEH,LEHMAN BROTHERS HOLDINGS INC,65.65000,13949000,0.034347,0.034347
2007-12-10,89780,LBC,LEHMAN BROS FIRST TR INC OP FD,12.21000,46500,0.000000,0.000000
2007-12-07,89780,LBC,LEHMAN BROS FIRST TR INC OP FD,12.21000,92600,-0.004078,-0.004078
2007-12-07,80599,LEH,LEHMAN BROTHERS HOLDINGS INC,63.47000,11088500,0.005227,0.005227
2007-12-06,89780,LBC,LEHMAN BROS FIRST TR INC OP FD,12.26000,49000,-0.004870,-0.004870
2007-12-06,80599,LEH,LEHMAN BROTHERS HOLDINGS INC,63.14000,10323000,0.052158,0.052158
2007-12-05,80599,LEH,LEHMAN BROTHERS HOLDINGS INC,60.01000,12244700,0.006710,0.006710
2007-12-05,89780,LBC,LEHMAN BROS FIRST TR INC OP FD,12.32000,49400,-0.000811,-0.000811
2007-12-04,80599,LEH,LEHMAN BROTHERS HOLDINGS INC,59.61000,14177800,-0.028837,-0.028837
2007-12-04,89780,LBC,LEHMAN BROS FIRST TR INC OP FD,12.33000,41600,0.003255,0.003255
2007-12-03,80599,LEH,LEHMAN BROTHERS HOLDINGS INC,61.38000,9309000,-0.019959,-0.019959
2007-12-03,89780,LBC,LEHMAN BROS FIRST TR INC OP FD,12.29000,37000,0.012356,0.012356
2007-11-30,89780,LBC,LEHMAN BROS FIRST TR INC OP FD,12.14000,56100,0.013356,0.013356
2007-11-30,80599,LEH,LEHMAN BROTHERS HOLDINGS INC,62.63000,20808580,0.015238,0.015238
2007-11-29,89780,LBC,LEHMAN BROS FIRST TR INC OP FD,11.98000,14914,-0.000834,-0.000834
2007-11-29,80599,LEH,LEHMAN BROTHERS HOLDINGS INC,61.69000,18903670,-0.048728,-0.048728
2007-11-28,89780,LBC,LEHMAN BROS FIRST TR INC OP FD,11.99000,29700,0.021295,0.021295
2007-11-28,80599,LEH,LEHMAN BROTHERS HOLDINGS INC,64.85000,20876900,0.082638,0.082638
2007-11-27,89780,LBC,LEHMAN BROS FIRST TR INC OP FD,11.74000,63100,0.005137,0.005137
2007-11-27,80599,LEH,LEHMAN BROTHERS HOLDINGS INC,59.90000,14354200,0.042464,0.042464
2007-11-26,80599,LEH,LEHMAN BROTHERS HOLDINGS INC,57.46000,10930890,-0.055866,-0.055866
2007-11-26,89780,LBC,LEHMAN BROS FIRST TR INC OP FD,11.68000,36700,0.000857,0.000857
2007-11-23,80599,LEH,LEHMAN BROTHERS HOLDINGS INC,60.86000,5648471,0.053853,0.053853
2007-11-23,89780,LBC,LEHMAN BROS FIRST TR INC OP FD,11.67000,40600,-0.009338,-0.009338
2007-11-21,80599,LEH,LEHMAN BROTHERS HOLDINGS INC,57.75000,18572970,-0.049696,-0.049696
2007-11-21,89780,LBC,LEHMAN BROS FIRST TR INC OP FD,11.78000,45900,0.001709,0.001709
2007-11-20,80599,LEH,LEHMAN BROTHERS HOLDINGS INC,60.77000,17115000,0.003633,0.003633
2007-11-20,89780,LBC,LEHMAN BROS FIRST TR INC OP FD,11.75990,31300,0.005072,-0.004242
2007-11-19,80599,LEH,LEHMAN BROTHERS HOLDINGS INC,60.55000,12623090,-0.029336,-0.029336
2007-11-19,89780,LBC,LEHMAN BROS FIRST TR INC OP FD,11.81000,77500,0.001696,0.001696
2007-11-16,80599,LEH,LEHMAN BROTHERS HOLDINGS INC,62.38000,12671010,-0.009370,-0.009370
2007-11-16,89780,LBC,LEHMAN BROS FIRST TR INC OP FD,11.79000,66500,-0.019135,-0.019135
2007-11-15,89780,LBC,LEHMAN BROS FIRST TR INC OP FD,12.02000,30400,-0.013946,-0.013946
2007-11-15,80599,LEH,LEHMAN BROTHERS HOLDINGS INC,62.97000,14589530,-0.037892,-0.037892
2007-11-14,89780,LBC,LEHMAN BROS FIRST TR INC OP FD,12.19000,17800,0.005776,0.005776
2007-11-14,80599,LEH,LEHMAN BROTHERS HOLDINGS INC,65.45000,25560680,0.030871,0.030871
2007-11-13,80599,LEH,LEHMAN BROTHERS HOLDINGS INC,63.49000,20015750,0.091595,0.089022
2007-11-13,89780,LBC,LEHMAN BROS FIRST TR INC OP FD,12.12000,30600,-0.006557,-0.006557
2007-11-12,80599,LEH,LEHMAN BROTHERS HOLDINGS INC,58.30000,15814250,0.003961,0.003961
2007-11-12,89780,LBC,LEHMAN BROS FIRST TR INC OP FD,12.20000,24500,-0.003268,-0.003268
2007-11-09,89780,LBC,LEHMAN BROS FIRST TR INC OP FD,12.24000,32070,0.006579,0.006579
2007-11-09,80599,LEH,LEHMAN BROTHERS HOLDINGS INC,58.07000,23876010,0.034931,0.034931
2007-11-08,80599,LEH,LEHMAN BROTHERS HOLDINGS INC,56.11000,19997440,0.002681,0.002681
2007-11-08,89780,LBC,LEHMAN BROS FIRST TR INC OP FD,12.16000,106700,-0.027200,-0.027200
2007-11-07,80599,LEH,LEHMAN BROTHERS HOLDINGS INC,55.96000,17373310,-0.057436,-0.057436
2007-11-07,89780,LBC,LEHMAN BROS FIRST TR INC OP FD,12.50000,25200,-0.016522,-0.016522
2007-11-06,89780,LBC,LEHMAN BROS FIRST TR INC OP FD,12.71000,45200,-0.017015,-0.017015
2007-11-06,80599,LEH,LEHMAN BROTHERS HOLDINGS INC,59.37000,13213550,0.014178,0.014178
2007-11-05,80599,LEH,LEHMAN BROTHERS HOLDINGS INC,58.54000,19347160,-0.026281,-0.026281
2007-11-05,89780,LBC,LEHMAN BROS FIRST TR INC OP FD,12.93000,13100,-0.007675,-0.007675
2007-11-02,80599,LEH,LEHMAN BROTHERS HOLDINGS INC,60.12000,21371970,-0.006281,-0.006281
2007-11-02,89780,LBC,LEHMAN BROS FIRST TR INC OP FD,13.03000,28400,0.002300,0.002300
2007-11-01,89780,LBC,LEHMAN BROS FIRST TR INC OP FD,13.00010,42300,-0.012150,-0.012150
2007-11-01,80599,LEH,LEHMAN BROTHERS HOLDINGS INC,60.50000,14878510,-0.044837,-0.044837
2007-10-31,80599,LEH,LEHMAN BROTHERS HOLDINGS INC,63.34000,16007700,0.032269,0.032269
2007-10-31,89780,LBC,LEHMAN BROS FIRST TR INC OP FD,13.16000,24300,0.006886,0.006886
2007-10-30,89780,LBC,LEHMAN BROS FIRST TR INC OP FD,13.07000,28400,-0.000765,-0.000765
2007-10-30,80599,LEH,LEHMAN BROTHERS HOLDINGS INC,61.36000,9218100,-0.022307,-0.022307
2007-10-29,89780,LBC,LEHMAN BROS FIRST TR INC OP FD,13.08000,28500,-0.001527,-0.001527
2007-10-29,80599,LEH,LEHMAN BROTHERS HOLDINGS INC,62.76000,14730900,0.038729,0.038729
2007-10-26,80599,LEH,LEHMAN BROTHERS HOLDINGS INC,60.42000,13996430,0.061490,0.061490
2007-10-26,89780,LBC,LEHMAN BROS FIRST TR INC OP FD,13.10000,25500,-0.003044,-0.003044
2007-10-25,89780,LBC,LEHMAN BROS FIRST TR INC OP FD,13.14000,23200,0.002288,0.002288
2007-10-25,80599,LEH,LEHMAN BROTHERS HOLDINGS INC,56.92000,18751800,-0.008708,-0.008708
2007-10-24,89780,LBC,LEHMAN BROS FIRST TR INC OP FD,13.11000,35200,0.000000,0.000000
2007-10-24,80599,LEH,LEHMAN BROTHERS HOLDINGS INC,57.42000,20386080,-0.014587,-0.014587
2007-10-23,80599,LEH,LEHMAN BROTHERS HOLDINGS INC,58.27000,8607497,0.012511,0.012511
2007-10-23,89780,LBC,LEHMAN BROS FIRST TR INC OP FD,13.11000,16400,-0.013997,-0.013997
2007-10-22,80599,LEH,LEHMAN BROTHERS HOLDINGS INC,57.55000,11206500,0.005767,0.005767
2007-10-22,89780,LBC,LEHMAN BROS FIRST TR INC OP FD,13.29610,21400,-0.010620,-0.018738
2007-10-19,89780,LBC,LEHMAN BROS FIRST TR INC OP FD,13.55000,13400,-0.002209,-0.002209
2007-10-19,80599,LEH,LEHMAN BROTHERS HOLDINGS INC,57.22000,18556100,-0.037511,-0.037511
2007-10-18,89780,LBC,LEHMAN BROS FIRST TR INC OP FD,13.58000,13100,0.001475,0.001475
2007-10-18,80599,LEH,LEHMAN BROTHERS HOLDINGS INC,59.45000,7555800,-0.010486,-0.010486
2007-10-17,89780,LBC,LEHMAN BROS FIRST TR INC OP FD,13.56000,22100,-0.005136,-0.005136
2007-10-17,80599,LEH,LEHMAN BROTHERS HOLDINGS INC,60.08000,11537000,-0.009725,-0.009725
2007-10-16,89780,LBC,LEHMAN BROS FIRST TR INC OP FD,13.63000,13800,-0.003655,-0.003655
2007-10-16,80599,LEH,LEHMAN BROTHERS HOLDINGS INC,60.67000,9593337,-0.026633,-0.026633
2007-10-15,89780,LBC,LEHMAN BROS FIRST TR INC OP FD,13.68000,12400,-0.002915,-0.002915
2007-10-15,80599,LEH,LEHMAN BROTHERS HOLDINGS INC,62.33000,10091400,-0.035587,-0.035587
2007-10-12,80599,LEH,LEHMAN BROTHERS HOLDINGS INC,64.63000,6596745,0.007640,0.007640
2007-10-12,89780,LBC,LEHMAN BROS FIRST TR INC OP FD,13.72000,14100,0.000729,0.000729
2007-10-11,80599,LEH,LEHMAN BROTHERS HOLDINGS INC,64.14000,13384800,-0.005427,-0.005427
2007-10-11,89780,LBC,LEHMAN BROS FIRST TR INC OP FD,13.71000,16200,-0.001457,-0.001457
2007-10-10,89780,LBC,LEHMAN BROS FIRST TR INC OP FD,13.73000,18700,0.000000,0.000000
2007-10-10,80599,LEH,LEHMAN BROTHERS HOLDINGS INC,64.49000,7428416,-0.001548,-0.001548
2007-10-09,89780,LBC,LEHMAN BROS FIRST TR INC OP FD,13.73000,23700,-0.002180,-0.002180
2007-10-09,80599,LEH,LEHMAN BROTHERS HOLDINGS INC,64.59000,9029500,0.028831,0.028831
2007-10-08,80599,LEH,LEHMAN BROTHERS HOLDINGS INC,62.78000,6634305,-0.018756,-0.018756
2007-10-08,89780,LBC,LEHMAN BROS FIRST TR INC OP FD,13.76000,18000,-0.002899,-0.002899
2007-10-05,80599,LEH,LEHMAN BROTHERS HOLDINGS INC,63.98000,9349332,0.012022,0.012022
2007-10-05,89780,LBC,LEHMAN BROS FIRST TR INC OP FD,13.80000,5100,0.002179,0.002179
2007-10-04,80599,LEH,LEHMAN BROTHERS HOLDINGS INC,63.22000,6672300,-0.013113,-0.013113
2007-10-04,89780,LBC,LEHMAN BROS FIRST TR INC OP FD,13.77000,19700,0.000000,0.000000
2007-10-03,80599,LEH,LEHMAN BROTHERS HOLDINGS INC,64.06000,7764650,-0.010198,-0.010198
2007-10-03,89780,LBC,LEHMAN BROS FIRST TR INC OP FD,13.77000,20500,-0.009352,-0.009352
2007-10-02,89780,LBC,LEHMAN BROS FIRST TR INC OP FD,13.90000,63700,0.000720,0.000720
2007-10-02,80599,LEH,LEHMAN BROTHERS HOLDINGS INC,64.72000,9445371,0.016811,0.016811
2007-10-01,80599,LEH,LEHMAN BROTHERS HOLDINGS INC,63.65000,7806000,0.031103,0.031103
2007-10-01,89780,LBC,LEHMAN BROS FIRST TR INC OP FD,13.89000,26500,0.001442,0.001442
2007-09-28,89780,LBC,LEHMAN BROS FIRST TR INC OP FD,13.87000,29800,0.002892,0.002892
2007-09-28,80599,LEH,LEHMAN BROTHERS HOLDINGS INC,61.73000,5787800,-0.012794,-0.012794
2007-09-27,80599,LEH,LEHMAN BROTHERS HOLDINGS INC,62.53000,12681960,0.023237,0.023237
2007-09-27,89780,LBC,LEHMAN BROS FIRST TR INC OP FD,13.83000,18300,0.000072,0.000072
2007-09-26,80599,LEH,LEHMAN BROTHERS HOLDINGS INC,61.11000,18629800,0.018161,0.018161
2007-09-26,89780,LBC,LEHMAN BROS FIRST TR INC OP FD,13.82900,26000,0.005745,0.005745
2007-09-25,80599,LEH,LEHMAN BROTHERS HOLDINGS INC,60.02000,10895850,-0.018158,-0.018158
2007-09-25,89780,LBC,LEHMAN BROS FIRST TR INC OP FD,13.75000,21600,0.005117,0.005117
2007-09-24,89780,LBC,LEHMAN BROS FIRST TR INC OP FD,13.68000,26100,0.009594,0.009594
2007-09-24,80599,LEH,LEHMAN BROTHERS HOLDINGS INC,61.13000,15639840,-0.025040,-0.025040
2007-09-21,89780,LBC,LEHMAN BROS FIRST TR INC OP FD,13.55000,16700,0.000739,0.000739
2007-09-21,80599,LEH,LEHMAN BROTHERS HOLDINGS INC,62.70000,10775000,0.006259,0.006259
2007-09-20,80599,LEH,LEHMAN BROTHERS HOLDINGS INC,62.31000,15252070,-0.028077,-0.028077
2007-09-20,89780,LBC,LEHMAN BROS FIRST TR INC OP FD,13.54000,42700,-0.015273,-0.015273
2007-09-19,80599,LEH,LEHMAN BROTHERS HOLDINGS INC,64.11000,23411220,-0.005892,-0.005892
2007-09-19,89780,LBC,LEHMAN BROS FIRST TR INC OP FD,13.75000,27600,-0.003595,-0.011503
2007-09-18,89780,LBC,LEHMAN BROS FIRST TR INC OP FD,13.91000,53400,0.030370,0.030370
2007-09-18,80599,LEH,LEHMAN BROTHERS HOLDINGS INC,64.49000,44596490,0.100136,0.100136
2007-09-17,80599,LEH,LEHMAN BROTHERS HOLDINGS INC,58.62000,13095000,-0.014790,-0.014790
2007-09-17,89780,LBC,LEHMAN BROS FIRST TR INC OP FD,13.50000,21900,-0.002954,-0.002954
2007-09-14,89780,LBC,LEHMAN BROS FIRST TR INC OP FD,13.54000,21600,0.001368,0.001368
2007-09-14,80599,LEH,LEHMAN BROTHERS HOLDINGS INC,59.50000,13940630,-0.003016,-0.003016
2007-09-13,80599,LEH,LEHMAN BROTHERS HOLDINGS INC,59.68000,16575300,0.045550,0.045550
2007-09-13,89780,LBC,LEHMAN BROS FIRST TR INC OP FD,13.52150,27300,-0.002103,-0.002103
2007-09-12,80599,LEH,LEHMAN BROTHERS HOLDINGS INC,57.08000,15339800,0.034433,0.034433
2007-09-12,89780,LBC,LEHMAN BROS FIRST TR INC OP FD,13.55000,32900,0.004448,0.004448
2007-09-11,80599,LEH,LEHMAN BROTHERS HOLDINGS INC,55.18000,13808450,0.024698,0.024698
2007-09-11,89780,LBC,LEHMAN BROS FIRST TR INC OP FD,13.49000,26600,0.018113,0.018113
2007-09-10,80599,LEH,LEHMAN BROTHERS HOLDINGS INC,53.85000,12005200,0.016997,0.016997
2007-09-10,89780,LBC,LEHMAN BROS FIRST TR INC OP FD,13.25000,22000,-0.006001,-0.006001
2007-09-07,80599,LEH,LEHMAN BROTHERS HOLDINGS INC,52.95000,14032100,-0.016348,-0.016348
2007-09-07,89780,LBC,LEHMAN BROS FIRST TR INC OP FD,13.33000,12000,-0.012593,-0.012593
2007-09-06,89780,LBC,LEHMAN BROS FIRST TR INC OP FD,13.50000,16500,0.000000,0.000000
2007-09-06,80599,LEH,LEHMAN BROTHERS HOLDINGS INC,53.83000,11641500,-0.009568,-0.009568
2007-09-05,89780,LBC,LEHMAN BROS FIRST TR INC OP FD,13.50000,30800,-0.006696,-0.006696
2007-09-05,80599,LEH,LEHMAN BROTHERS HOLDINGS INC,54.35000,10456800,-0.037372,-0.037372
2007-09-04,80599,LEH,LEHMAN BROTHERS HOLDINGS INC,56.46000,10835400,0.029728,0.029728
2007-09-04,89780,LBC,LEHMAN BROS FIRST TR INC OP FD,13.59100,27300,0.003026,0.003026
2007-08-31,89780,LBC,LEHMAN BROS FIRST TR INC OP FD,13.55000,21100,0.007435,0.007435
2007-08-31,80599,LEH,LEHMAN BROTHERS HOLDINGS INC,54.83000,14858600,0.019714,0.019714
2007-08-30,80599,LEH,LEHMAN BROTHERS HOLDINGS INC,53.77000,11939100,-0.012126,-0.012126
2007-08-30,89780,LBC,LEHMAN BROS FIRST TR INC OP FD,13.45000,12600,-0.004441,-0.004441
2007-08-29,89780,LBC,LEHMAN BROS FIRST TR INC OP FD,13.51000,22800,0.001483,0.001483
2007-08-29,80599,LEH,LEHMAN BROTHERS HOLDINGS INC,54.43000,12215900,0.002763,0.002763
2007-08-28,89780,LBC,LEHMAN BROS FIRST TR INC OP FD,13.49000,36700,0.002229,0.002229
2007-08-28,80599,LEH,LEHMAN BROTHERS HOLDINGS INC,54.28000,15995400,-0.060087,-0.060087
2007-08-27,80599,LEH,LEHMAN BROTHERS HOLDINGS INC,57.75000,8903390,-0.043399,-0.043399
2007-08-27,89780,LBC,LEHMAN BROS FIRST TR INC OP FD,13.46000,17000,-0.001484,-0.001484
2007-08-24,80599,LEH,LEHMAN BROTHERS HOLDINGS INC,60.37000,14472600,0.037642,0.037642
2007-08-24,89780,LBC,LEHMAN BROS FIRST TR INC OP FD,13.48000,32200,0.006872,0.006872
2007-08-23,89780,LBC,LEHMAN BROS FIRST TR INC OP FD,13.38800,41800,-0.005349,-0.005349
2007-08-23,80599,LEH,LEHMAN BROTHERS HOLDINGS INC,58.18000,12790300,-0.006150,-0.006150
2007-08-22,89780,LBC,LEHMAN BROS FIRST TR INC OP FD,13.46000,27200,0.005026,-0.006642
2007-08-22,80599,LEH,LEHMAN BROTHERS HOLDINGS INC,58.54000,16986400,0.017379,0.017379
2007-08-21,80599,LEH,LEHMAN BROTHERS HOLDINGS INC,57.54000,13335100,0.008236,0.008236
2007-08-21,89780,LBC,LEHMAN BROS FIRST TR INC OP FD,13.55000,36500,0.020331,0.020331
2007-08-20,80599,LEH,LEHMAN BROTHERS HOLDINGS INC,57.07000,12949690,-0.017897,-0.017897
2007-08-20,89780,LBC,LEHMAN BROS FIRST TR INC OP FD,13.28000,25100,0.027069,0.027069
2007-08-17,89780,LBC,LEHMAN BROS FIRST TR INC OP FD,12.93000,75000,0.099490,0.099490
2007-08-17,80599,LEH,LEHMAN BROTHERS HOLDINGS INC,58.11000,27037600,0.061370,0.061370
2007-08-16,80599,LEH,LEHMAN BROTHERS HOLDINGS INC,54.75000,30000420,0.061664,0.061664
2007-08-16,89780,LBC,LEHMAN BROS FIRST TR INC OP FD,11.76000,136800,-0.079092,-0.079092
2007-08-15,80599,LEH,LEHMAN BROTHERS HOLDINGS INC,51.57000,26800860,-0.039128,-0.039128
2007-08-15,89780,LBC,LEHMAN BROS FIRST TR INC OP FD,12.77000,67500,-0.013900,-0.013900
2007-08-14,80599,LEH,LEHMAN BROTHERS HOLDINGS INC,53.67000,23557510,-0.063351,-0.063351
2007-08-14,89780,LBC,LEHMAN BROS FIRST TR INC OP FD,12.95000,58900,-0.020424,-0.020424
2007-08-13,80599,LEH,LEHMAN BROTHERS HOLDINGS INC,57.30000,14845900,-0.027425,-0.029965
2007-08-13,89780,LBC,LEHMAN BROS FIRST TR INC OP FD,13.22000,51700,0.005323,0.005323
2007-08-10,89780,LBC,LEHMAN BROS FIRST TR INC OP FD,13.15000,52500,-0.025926,-0.025926
2007-08-10,80599,LEH,LEHMAN BROTHERS HOLDINGS INC,59.07000,17884350,-0.017955,-0.017955
2007-08-09,89780,LBC,LEHMAN BROS FIRST TR INC OP FD,13.50000,25900,0.000000,0.000000
2007-08-09,80599,LEH,LEHMAN BROTHERS HOLDINGS INC,60.15000,22692390,-0.071473,-0.071473
2007-08-08,89780,LBC,LEHMAN BROS FIRST TR INC OP FD,13.50000,26900,0.011236,0.011236
2007-08-08,80599,LEH,LEHMAN BROTHERS HOLDINGS INC,64.78000,26750860,0.067040,0.067040
2007-08-07,89780,LBC,LEHMAN BROS FIRST TR INC OP FD,13.35000,36100,0.012131,0.012131
2007-08-07,80599,LEH,LEHMAN BROTHERS HOLDINGS INC,60.71000,26138740,0.041874,0.041874
2007-08-06,80599,LEH,LEHMAN BROTHERS HOLDINGS INC,58.27000,25912220,0.044640,0.044640
2007-08-06,89780,LBC,LEHMAN BROS FIRST TR INC OP FD,13.19000,104700,-0.014200,-0.014200
2007-08-03,89780,LBC,LEHMAN BROS FIRST TR INC OP FD,13.38000,15500,-0.000747,-0.000747
2007-08-03,80599,LEH,LEHMAN BROTHERS HOLDINGS INC,55.78000,27368790,-0.077254,-0.077254
2007-08-02,89780,LBC,LEHMAN BROS FIRST TR INC OP FD,13.39000,19600,0.000747,0.000747
2007-08-02,80599,LEH,LEHMAN BROTHERS HOLDINGS INC,60.45000,16845860,-0.006084,-0.006084
2007-08-01,80599,LEH,LEHMAN BROTHERS HOLDINGS INC,60.82000,19855490,-0.019032,-0.019032
2007-08-01,89780,LBC,LEHMAN BROS FIRST TR INC OP FD,13.38000,44400,-0.011079,-0.011079
2007-07-31,80599,LEH,LEHMAN BROTHERS HOLDINGS INC,62.00000,12288540,-0.043210,-0.043210
2007-07-31,89780,LBC,LEHMAN BROS FIRST TR INC OP FD,13.52990,24400,0.001473,0.001473
2007-07-30,89780,LBC,LEHMAN BROS FIRST TR INC OP FD,13.51000,34500,-0.002216,-0.002216
2007-07-30,80599,LEH,LEHMAN BROTHERS HOLDINGS INC,64.80000,11139080,0.009031,0.009031
2007-07-27,80599,LEH,LEHMAN BROTHERS HOLDINGS INC,64.22000,14839210,-0.004341,-0.004341
2007-07-27,89780,LBC,LEHMAN BROS FIRST TR INC OP FD,13.54000,37100,0.005197,0.005197
2007-07-26,89780,LBC,LEHMAN BROS FIRST TR INC OP FD,13.47000,100900,-0.031632,-0.031632
2007-07-26,80599,LEH,LEHMAN BROTHERS HOLDINGS INC,64.50000,18296950,-0.046704,-0.046704
2007-07-25,80599,LEH,LEHMAN BROTHERS HOLDINGS INC,67.66000,13293060,0.019898,0.019898
2007-07-25,89780,LBC,LEHMAN BROS FIRST TR INC OP FD,13.91000,43600,0.002161,0.002161
2007-07-24,89780,LBC,LEHMAN BROS FIRST TR INC OP FD,13.88000,68900,-0.029371,-0.029371
2007-07-24,80599,LEH,LEHMAN BROTHERS HOLDINGS INC,66.34000,14901990,-0.036456,-0.036456
2007-07-23,80599,LEH,LEHMAN BROTHERS HOLDINGS INC,68.85000,6566357,0.008200,0.008200
2007-07-23,89780,LBC,LEHMAN BROS FIRST TR INC OP FD,14.30000,87700,-0.036388,-0.036388
2007-07-20,80599,LEH,LEHMAN BROTHERS HOLDINGS INC,68.29000,13237670,-0.030385,-0.030385
2007-07-20,89780,LBC,LEHMAN BROS FIRST TR INC OP FD,14.84000,24700,-0.002003,-0.009346
2007-07-19,80599,LEH,LEHMAN BROTHERS HOLDINGS INC,70.43000,9389973,-0.017027,-0.017027
2007-07-19,89780,LBC,LEHMAN BROS FIRST TR INC OP FD,14.98000,41100,0.002677,0.002677
2007-07-18,89780,LBC,LEHMAN BROS FIRST TR INC OP FD,14.94000,39800,-0.003336,-0.003336
2007-07-18,80599,LEH,LEHMAN BROTHERS HOLDINGS INC,71.65000,13457760,-0.019299,-0.019299
2007-07-17,89780,LBC,LEHMAN BROS FIRST TR INC OP FD,14.99000,34100,-0.007942,-0.007942
2007-07-17,80599,LEH,LEHMAN BROTHERS HOLDINGS INC,73.06000,5832343,0.003571,0.003571
2007-07-16,80599,LEH,LEHMAN BROTHERS HOLDINGS INC,72.80000,4684758,-0.009524,-0.009524
2007-07-16,89780,LBC,LEHMAN BROS FIRST TR INC OP FD,15.11000,23100,-0.003955,-0.003955
2007-07-13,80599,LEH,LEHMAN BROTHERS HOLDINGS INC,73.50000,5351700,0.003550,0.003550
2007-07-13,89780,LBC,LEHMAN BROS FIRST TR INC OP FD,15.17000,17800,-0.000659,-0.000659
2007-07-12,89780,LBC,LEHMAN BROS FIRST TR INC OP FD,15.18000,25300,0.004633,0.004633
2007-07-12,80599,LEH,LEHMAN BROTHERS HOLDINGS INC,73.24000,9463443,0.025914,0.025914
2007-07-11,80599,LEH,LEHMAN BROTHERS HOLDINGS INC,71.39000,12108700,0.004079,0.004079
2007-07-11,89780,LBC,LEHMAN BROS FIRST TR INC OP FD,15.11000,20700,-0.003955,-0.003955
2007-07-10,80599,LEH,LEHMAN BROTHERS HOLDINGS INC,71.10000,9985161,-0.050227,-0.050227
2007-07-10,89780,LBC,LEHMAN BROS FIRST TR INC OP FD,15.17000,23900,-0.006549,-0.006549
2007-07-09,89780,LBC,LEHMAN BROS FIRST TR INC OP FD,15.27000,29900,0.000000,0.000000
2007-07-09,80599,LEH,LEHMAN BROTHERS HOLDINGS INC,74.86000,3843800,0.000802,0.000802
2007-07-06,80599,LEH,LEHMAN BROTHERS HOLDINGS INC,74.80000,3626493,0.002412,0.002412
2007-07-06,89780,LBC,LEHMAN BROS FIRST TR INC OP FD,15.27000,13900,0.005929,0.005929
2007-07-05,80599,LEH,LEHMAN BROTHERS HOLDINGS INC,74.62000,4259772,0.000268,0.000268
2007-07-05,89780,LBC,LEHMAN BROS FIRST TR INC OP FD,15.18000,17500,-0.002628,-0.002628
2007-07-03,80599,LEH,LEHMAN BROTHERS HOLDINGS INC,74.60000,3776200,0.005798,0.005798
2007-07-03,89780,LBC,LEHMAN BROS FIRST TR INC OP FD,15.22000,2400,-0.001967,-0.001967
2007-07-02,80599,LEH,LEHMAN BROTHERS HOLDINGS INC,74.17000,5845846,-0.004697,-0.004697
2007-07-02,89780,LBC,LEHMAN BROS FIRST TR INC OP FD,15.25000,22000,-0.005219,-0.005219
2007-06-29,80599,LEH,LEHMAN BROTHERS HOLDINGS INC,74.52000,8066560,-0.018441,-0.018441
2007-06-29,89780,LBC,LEHMAN BROS FIRST TR INC OP FD,15.33000,16800,0.009881,0.009881
2007-06-28,80599,LEH,LEHMAN BROTHERS HOLDINGS INC,75.92000,6871696,-0.003544,-0.003544
2007-06-28,89780,LBC,LEHMAN BROS FIRST TR INC OP FD,15.18000,19600,0.007299,0.007299
2007-06-27,89780,LBC,LEHMAN BROS FIRST TR INC OP FD,15.07000,30800,0.001329,0.001329
2007-06-27,80599,LEH,LEHMAN BROTHERS HOLDINGS INC,76.19000,9479919,0.026543,0.026543
2007-06-26,89780,LBC,LEHMAN BROS FIRST TR INC OP FD,15.05000,15500,-0.006601,-0.006601
2007-06-26,80599,LEH,LEHMAN BROTHERS HOLDINGS INC,74.22000,7578000,-0.011059,-0.011059
2007-06-25,80599,LEH,LEHMAN BROTHERS HOLDINGS INC,75.05000,8941200,-0.020491,-0.020491
2007-06-25,89780,LBC,LEHMAN BROS FIRST TR INC OP FD,15.15000,26800,0.008655,0.008655
2007-06-22,80599,LEH,LEHMAN BROTHERS HOLDINGS INC,76.62000,9301229,-0.033064,-0.033064
2007-06-22,89780,LBC,LEHMAN BROS FIRST TR INC OP FD,15.02000,19600,-0.003979,-0.003979
2007-06-21,80599,LEH,LEHMAN BROTHERS HOLDINGS INC,79.24000,8488223,-0.007515,-0.007515
2007-06-21,89780,LBC,LEHMAN BROS FIRST TR INC OP FD,15.08000,21900,-0.001985,-0.001985
2007-06-20,89780,LBC,LEHMAN BROS FIRST TR INC OP FD,15.11000,23100,-0.007175,-0.014351
2007-06-20,80599,LEH,LEHMAN BROTHERS HOLDINGS INC,79.84000,8313228,-0.017958,-0.017958
2007-06-19,89780,LBC,LEHMAN BROS FIRST TR INC OP FD,15.33000,36600,0.001306,0.001306
2007-06-19,80599,LEH,LEHMAN BROTHERS HOLDINGS INC,81.30000,6047466,0.008935,0.008935
2007-06-18,80599,LEH,LEHMAN BROTHERS HOLDINGS INC,80.58000,5459919,0.019097,0.019097
2007-06-18,89780,LBC,LEHMAN BROS FIRST TR INC OP FD,15.31000,19500,0.001963,0.001963
2007-06-15,89780,LBC,LEHMAN BROS FIRST TR INC OP FD,15.28000,32600,0.011251,0.011251
2007-06-15,80599,LEH,LEHMAN BROTHERS HOLDINGS INC,79.07000,7328206,0.003426,0.003426
2007-06-14,80599,LEH,LEHMAN BROTHERS HOLDINGS INC,78.80000,5461767,0.011943,0.011943
2007-06-14,89780,LBC,LEHMAN BROS FIRST TR INC OP FD,15.11000,27500,0.004654,0.004654
2007-06-13,80599,LEH,LEHMAN BROTHERS HOLDINGS INC,77.87000,7905957,0.023797,0.023797
2007-06-13,89780,LBC,LEHMAN BROS FIRST TR INC OP FD,15.04000,38400,-0.001991,-0.001991
2007-06-12,89780,LBC,LEHMAN BROS FIRST TR INC OP FD,15.07000,19000,-0.003241,-0.003241
2007-06-12,80599,LEH,LEHMAN BROTHERS HOLDINGS INC,76.06000,13709310,0.005021,0.005021
2007-06-11,89780,LBC,LEHMAN BROS FIRST TR INC OP FD,15.11900,26000,0.001922,0.001922
2007-06-11,80599,LEH,LEHMAN BROTHERS HOLDINGS INC,75.68000,6214719,0.020084,0.020084
2007-06-08,80599,LEH,LEHMAN BROTHERS HOLDINGS INC,74.19000,5131800,0.012280,0.012280
2007-06-08,89780,LBC,LEHMAN BROS FIRST TR INC OP FD,15.09000,27100,-0.002644,-0.002644
2007-06-07,89780,LBC,LEHMAN BROS FIRST TR INC OP FD,15.13000,84800,-0.029506,-0.029506
2007-06-07,80599,LEH,LEHMAN BROTHERS HOLDINGS INC,73.29000,8065526,-0.012530,-0.012530
2007-06-06,89780,LBC,LEHMAN BROS FIRST TR INC OP FD,15.59000,13000,-0.001281,-0.001281
2007-06-06,80599,LEH,LEHMAN BROTHERS HOLDINGS INC,74.22000,4321945,-0.011059,-0.011059
2007-06-05,89780,LBC,LEHMAN BROS FIRST TR INC OP FD,15.61000,20000,-0.009518,-0.009518
2007-06-05,80599,LEH,LEHMAN BROTHERS HOLDINGS INC,75.05000,4811400,0.001067,0.001067
2007-06-04,80599,LEH,LEHMAN BROTHERS HOLDINGS INC,74.97000,3668953,-0.003456,-0.003456
2007-06-04,89780,LBC,LEHMAN BROS FIRST TR INC OP FD,15.76000,30100,0.001907,0.001907
2007-06-01,80599,LEH,LEHMAN BROTHERS HOLDINGS INC,75.23000,5118900,0.025211,0.025211
2007-06-01,89780,LBC,LEHMAN BROS FIRST TR INC OP FD,15.73000,41900,0.007042,0.007042
2007-05-31,80599,LEH,LEHMAN BROTHERS HOLDINGS INC,73.38000,4770451,0.002459,0.002459
2007-05-31,89780,LBC,LEHMAN BROS FIRST TR INC OP FD,15.62000,34400,-0.007624,-0.007624
2007-05-30,80599,LEH,LEHMAN BROTHERS HOLDINGS INC,73.20000,5922263,0.003977,0.003977
2007-05-30,89780,LBC,LEHMAN BROS FIRST TR INC OP FD,15.74000,22700,0.005109,0.005109
2007-05-29,89780,LBC,LEHMAN BROS FIRST TR INC OP FD,15.66000,21700,0.003203,0.003203
2007-05-29,80599,LEH,LEHMAN BROTHERS HOLDINGS INC,72.91000,3084760,0.002062,0.002062
2007-05-25,89780,LBC,LEHMAN BROS FIRST TR INC OP FD,15.61000,22400,-0.001918,-0.001918
2007-05-25,80599,LEH,LEHMAN BROTHERS HOLDINGS INC,72.76000,3685000,-0.007096,-0.007096
2007-05-24,89780,LBC,LEHMAN BROS FIRST TR INC OP FD,15.64000,34600,0.001922,0.001922
2007-05-24,80599,LEH,LEHMAN BROTHERS HOLDINGS INC,73.28000,5228310,-0.011600,-0.011600
2007-05-23,80599,LEH,LEHMAN BROTHERS HOLDINGS INC,74.14000,6072020,0.000810,0.000810
2007-05-23,89780,LBC,LEHMAN BROS FIRST TR INC OP FD,15.61000,38500,-0.001280,-0.001280
2007-05-22,89780,LBC,LEHMAN BROS FIRST TR INC OP FD,15.63000,54500,-0.001916,-0.001916
2007-05-22,80599,LEH,LEHMAN BROTHERS HOLDINGS INC,74.08000,5279870,0.010503,0.010503
2007-05-21,89780,LBC,LEHMAN BROS FIRST TR INC OP FD,15.66000,33500,0.000000,-0.006975
2007-05-21,80599,LEH,LEHMAN BROTHERS HOLDINGS INC,73.31000,13068950,0.012569,0.012569
2007-05-18,89780,LBC,LEHMAN BROS FIRST TR INC OP FD,15.77000,36700,0.000000,0.000000
2007-05-18,80599,LEH,LEHMAN BROTHERS HOLDINGS INC,72.40000,15684250,-0.007403,-0.007403
2007-05-17,89780,LBC,LEHMAN BROS FIRST TR INC OP FD,15.77000,24700,0.002543,0.002543
2007-05-17,80599,LEH,LEHMAN BROTHERS HOLDINGS INC,72.94000,5092400,-0.005590,-0.005590
2007-05-16,89780,LBC,LEHMAN BROS FIRST TR INC OP FD,15.73000,35300,0.001273,0.001273
2007-05-16,80599,LEH,LEHMAN BROTHERS HOLDINGS INC,73.35000,8758753,-0.007039,-0.007039
2007-05-15,80599,LEH,LEHMAN BROTHERS HOLDINGS INC,73.87000,5919150,-0.007124,-0.007124
2007-05-15,89780,LBC,LEHMAN BROS FIRST TR INC OP FD,15.71000,27800,0.003193,0.003193
2007-05-14,80599,LEH,LEHMAN BROTHERS HOLDINGS INC,74.40000,4097320,-0.012608,-0.012608
2007-05-14,89780,LBC,LEHMAN BROS FIRST TR INC OP FD,15.66000,31400,0.003846,0.003846
2007-05-11,80599,LEH,LEHMAN BROTHERS HOLDINGS INC,75.35000,3938252,0.006264,0.004265
2007-05-11,89780,LBC,LEHMAN BROS FIRST TR INC OP FD,15.60000,42700,0.006452,0.006452
2007-05-10,80599,LEH,LEHMAN BROTHERS HOLDINGS INC,75.03000,3384091,-0.020496,-0.020496
2007-05-10,89780,LBC,LEHMAN BROS FIRST TR INC OP FD,15.50000,46900,-0.006410,-0.006410
2007-05-09,80599,LEH,LEHMAN BROTHERS HOLDINGS INC,76.60000,3048325,0.008027,0.008027
2007-05-09,89780,LBC,LEHMAN BROS FIRST TR INC OP FD,15.60000,21300,0.006452,0.006452
2007-05-08,80599,LEH,LEHMAN BROTHERS HOLDINGS INC,75.99000,3764552,-0.011191,-0.011191
2007-05-08,89780,LBC,LEHMAN BROS FIRST TR INC OP FD,15.50000,30600,0.003886,0.003886
2007-05-07,89780,LBC,LEHMAN BROS FIRST TR INC OP FD,15.44000,24200,-0.001294,-0.001294
2007-05-07,80599,LEH,LEHMAN BROTHERS HOLDINGS INC,76.85000,2627700,-0.005822,-0.005822
2007-05-04,89780,LBC,LEHMAN BROS FIRST TR INC OP FD,15.46000,23900,0.001295,0.001295
2007-05-04,80599,LEH,LEHMAN BROTHERS HOLDINGS INC,77.30000,4281077,0.021811,0.021811
2007-05-03,89780,LBC,LEHMAN BROS FIRST TR INC OP FD,15.44000,24300,0.000000,0.000000
2007-05-03,80599,LEH,LEHMAN BROTHERS HOLDINGS INC,75.65000,3215571,0.002120,0.002120
2007-05-02,80599,LEH,LEHMAN BROTHERS HOLDINGS INC,75.49000,4176739,0.008820,0.008820
2007-05-02,89780,LBC,LEHMAN BROS FIRST TR INC OP FD,15.44000,19600,0.002597,0.002597
2007-05-01,89780,LBC,LEHMAN BROS FIRST TR INC OP FD,15.40000,15100,0.001952,0.001952
2007-05-01,80599,LEH,LEHMAN BROTHERS HOLDINGS INC,74.83000,6162402,-0.005978,-0.005978
2007-04-30,80599,LEH,LEHMAN BROTHERS HOLDINGS INC,75.28000,4270390,-0.011165,-0.011165
2007-04-30,89780,LBC,LEHMAN BROS FIRST TR INC OP FD,15.37000,26200,0.003264,0.003264
2007-04-27,89780,LBC,LEHMAN BROS FIRST TR INC OP FD,15.32000,27000,-0.001954,-0.001954
2007-04-27,80599,LEH,LEHMAN BROTHERS HOLDINGS INC,76.13000,2835496,-0.007173,-0.007173
2007-04-26,89780,LBC,LEHMAN BROS FIRST TR INC OP FD,15.35000,42800,0.003268,0.003268
2007-04-26,80599,LEH,LEHMAN BROTHERS HOLDINGS INC,76.68000,3713566,-0.006478,-0.006478
2007-04-25,89780,LBC,LEHMAN BROS FIRST TR INC OP FD,15.30000,32000,0.001309,0.001309
2007-04-25,80599,LEH,LEHMAN BROTHERS HOLDINGS INC,77.18000,5199971,0.009813,0.009813
2007-04-24,80599,LEH,LEHMAN BROTHERS HOLDINGS INC,76.43000,5579828,-0.017862,-0.017862
2007-04-24,89780,LBC,LEHMAN BROS FIRST TR INC OP FD,15.28000,16100,0.004602,0.004602
2007-04-23,80599,LEH,LEHMAN BROTHERS HOLDINGS INC,77.82000,4504601,-0.004095,-0.004095
2007-04-23,89780,LBC,LEHMAN BROS FIRST TR INC OP FD,15.21000,31700,0.000658,0.000658
2007-04-20,80599,LEH,LEHMAN BROTHERS HOLDINGS INC,78.14000,6884464,0.010213,0.010213
2007-04-20,89780,LBC,LEHMAN BROS FIRST TR INC OP FD,15.20000,31200,-0.004584,-0.004584
2007-04-19,89780,LBC,LEHMAN BROS FIRST TR INC OP FD,15.27000,33200,0.002608,-0.004563
2007-04-19,80599,LEH,LEHMAN BROTHERS HOLDINGS INC,77.35000,5484956,-0.002965,-0.002965
2007-04-18,80599,LEH,LEHMAN BROTHERS HOLDINGS INC,77.58000,7243614,0.022943,0.022943
2007-04-18,89780,LBC,LEHMAN BROS FIRST TR INC OP FD,15.34000,44300,-0.000651,-0.000651
2007-04-17,89780,LBC,LEHMAN BROS FIRST TR INC OP FD,15.35000,34000,0.000652,0.000652
2007-04-17,80599,LEH,LEHMAN BROTHERS HOLDINGS INC,75.84000,5871467,-0.000659,-0.000659
2007-04-16,89780,LBC,LEHMAN BROS FIRST TR INC OP FD,15.34000,40100,-0.001302,-0.001302
2007-04-16,80599,LEH,LEHMAN BROTHERS HOLDINGS INC,75.89000,9617729,0.050817,0.050817
2007-04-13,80599,LEH,LEHMAN BROTHERS HOLDINGS INC,72.22000,3200899,0.002081,0.002081
2007-04-13,89780,LBC,LEHMAN BROS FIRST TR INC OP FD,15.36000,54000,0.005236,0.005236
2007-04-12,89780,LBC,LEHMAN BROS FIRST TR INC OP FD,15.28000,29500,0.001967,0.001967
2007-04-12,80599,LEH,LEHMAN BROTHERS HOLDINGS INC,72.07000,3898556,0.010233,0.010233
2007-04-11,89780,LBC,LEHMAN BROS FIRST TR INC OP FD,15.25000,22400,0.000000,0.000000
2007-04-11,80599,LEH,LEHMAN BROTHERS HOLDINGS INC,71.34000,5944507,-0.012459,-0.012459
2007-04-10,80599,LEH,LEHMAN BROTHERS HOLDINGS INC,72.24000,3867200,-0.000692,-0.000692
2007-04-10,89780,LBC,LEHMAN BROS FIRST TR INC OP FD,15.25000,21100,0.004611,0.004611
2007-04-09,89780,LBC,LEHMAN BROS FIRST TR INC OP FD,15.18000,12400,-0.001316,-0.001316
2007-04-09,80599,LEH,LEHMAN BROTHERS HOLDINGS INC,72.29000,4180100,0.011898,0.011898
2007-04-05,80599,LEH,LEHMAN BROTHERS HOLDINGS INC,71.44000,2794600,0.004641,0.004641
2007-04-05,89780,LBC,LEHMAN BROS FIRST TR INC OP FD,15.20000,11500,0.004627,0.004627
2007-04-04,89780,LBC,LEHMAN BROS FIRST TR INC OP FD,15.13000,20500,-0.000661,-0.000661
2007-04-04,80599,LEH,LEHMAN BROTHERS HOLDINGS INC,71.11000,4118000,0.002820,0.002820
2007-04-03,80599,LEH,LEHMAN BROTHERS HOLDINGS INC,70.91000,6557482,0.025304,0.025304
2007-04-03,89780,LBC,LEHMAN BROS FIRST TR INC OP FD,15.14000,12100,-0.000660,-0.000660
2007-04-02,89780,LBC,LEHMAN BROS FIRST TR INC OP FD,15.15000,25100,0.005309,0.005309
2007-04-02,80599,LEH,LEHMAN BROTHERS HOLDINGS INC,69.16000,4865200,-0.012987,-0.012987
2007-03-30,80599,LEH,LEHMAN BROTHERS HOLDINGS INC,70.07000,3725000,-0.003413,-0.003413
2007-03-30,89780,LBC,LEHMAN BROS FIRST TR INC OP FD,15.07000,26400,0.004667,0.004667
2007-03-29,89780,LBC,LEHMAN BROS FIRST TR INC OP FD,15.00000,30600,0.002004,0.002004
2007-03-29,80599,LEH,LEHMAN BROTHERS HOLDINGS INC,70.31000,4955115,0.004142,0.004142
2007-03-28,89780,LBC,LEHMAN BROS FIRST TR INC OP FD,14.97000,19600,0.000000,0.000000
2007-03-28,80599,LEH,LEHMAN BROTHERS HOLDINGS INC,70.02000,7542000,-0.024248,-0.024248
2007-03-27,89780,LBC,LEHMAN BROS FIRST TR INC OP FD,14.97000,19700,0.007402,0.007402
2007-03-27,80599,LEH,LEHMAN BROTHERS HOLDINGS INC,71.76000,4661996,-0.013337,-0.013337
2007-03-26,89780,LBC,LEHMAN BROS FIRST TR INC OP FD,14.86000,91400,-0.002685,-0.002685
2007-03-26,80599,LEH,LEHMAN BROTHERS HOLDINGS INC,72.73000,4304284,-0.010476,-0.010476
2007-03-23,89780,LBC,LEHMAN BROS FIRST TR INC OP FD,14.90000,22600,-0.003344,-0.003344
2007-03-23,80599,LEH,LEHMAN BROTHERS HOLDINGS INC,73.50000,4070143,0.004510,0.004510
2007-03-22,89780,LBC,LEHMAN BROS FIRST TR INC OP FD,14.95000,18800,-0.001336,-0.001336
2007-03-22,80599,LEH,LEHMAN BROTHERS HOLDINGS INC,73.17000,6796996,-0.013881,-0.013881
2007-03-21,89780,LBC,LEHMAN BROS FIRST TR INC OP FD,14.97000,19300,0.002660,-0.004654
2007-03-21,80599,LEH,LEHMAN BROTHERS HOLDINGS INC,74.20000,11365930,0.025854,0.025854
2007-03-20,89780,LBC,LEHMAN BROS FIRST TR INC OP FD,15.04000,28200,-0.001991,-0.001991
2007-03-20,80599,LEH,LEHMAN BROTHERS HOLDINGS INC,72.33000,5025296,0.000415,0.000415
2007-03-19,80599,LEH,LEHMAN BROTHERS HOLDINGS INC,72.30000,4903085,0.015592,0.015592
2007-03-19,89780,LBC,LEHMAN BROS FIRST TR INC OP FD,15.07000,20900,0.011409,0.011409
2007-03-16,80599,LEH,LEHMAN BROTHERS HOLDINGS INC,71.19000,7807700,-0.025195,-0.025195
2007-03-16,89780,LBC,LEHMAN BROS FIRST TR INC OP FD,14.90000,16300,0.000000,0.000000
2007-03-15,89780,LBC,LEHMAN BROS FIRST TR INC OP FD,14.90000,18500,0.000672,0.000672
2007-03-15,80599,LEH,LEHMAN BROTHERS HOLDINGS INC,73.03000,9657847,0.018265,0.018265
2007-03-14,89780,LBC,LEHMAN BROS FIRST TR INC OP FD,14.89000,31400,-0.004679,-0.004679
2007-03-14,80599,LEH,LEHMAN BROTHERS HOLDINGS INC,71.72000,22895300,-0.003889,-0.003889
2007-03-13,89780,LBC,LEHMAN BROS FIRST TR INC OP FD,14.96000,24300,-0.005319,-0.005319
2007-03-13,80599,LEH,LEHMAN BROTHERS HOLDINGS INC,72.00000,12651500,-0.059438,-0.059438
2007-03-12,80599,LEH,LEHMAN BROTHERS HOLDINGS INC,76.55000,5898300,0.009495,0.009495
2007-03-12,89780,LBC,LEHMAN BROS FIRST TR INC OP FD,15.04000,20700,-0.000664,-0.000664
2007-03-09,89780,LBC,LEHMAN BROS FIRST TR INC OP FD,15.05000,17100,-0.006601,-0.006601
2007-03-09,80599,LEH,LEHMAN BROTHERS HOLDINGS INC,75.83000,6320700,0.001056,0.001056
2007-03-08,80599,LEH,LEHMAN BROTHERS HOLDINGS INC,75.75000,6808500,0.025034,0.025034
2007-03-08,89780,LBC,LEHMAN BROS FIRST TR INC OP FD,15.15000,16100,0.003311,0.003311
2007-03-07,80599,LEH,LEHMAN BROTHERS HOLDINGS INC,73.90000,5904200,-0.004446,-0.004446
2007-03-07,89780,LBC,LEHMAN BROS FIRST TR INC OP FD,15.10000,51100,0.012064,0.012064
2007-03-06,89780,LBC,LEHMAN BROS FIRST TR INC OP FD,14.92000,24100,-0.006658,-0.006658
2007-03-06,80599,LEH,LEHMAN BROTHERS HOLDINGS INC,74.23000,9181200,0.043729,0.043729
2007-03-05,89780,LBC,LEHMAN BROS FIRST TR INC OP FD,15.02000,46500,-0.004639,-0.004639
2007-03-05,80599,LEH,LEHMAN BROTHERS HOLDINGS INC,71.12000,8584278,-0.013592,-0.013592
2007-03-02,89780,LBC,LEHMAN BROS FIRST TR INC OP FD,15.09000,10700,0.000000,0.000000
2007-03-02,80599,LEH,LEHMAN BROTHERS HOLDINGS INC,72.10000,8058400,-0.015565,-0.015565
2007-03-01,80599,LEH,LEHMAN BROTHERS HOLDINGS INC,73.24000,10616020,-0.000955,-0.000955
2007-03-01,89780,LBC,LEHMAN BROS FIRST TR INC OP FD,15.09000,29100,0.001992,0.001992
2007-02-28,80599,LEH,LEHMAN BROTHERS HOLDINGS INC,73.31000,11036200,-0.011862,-0.011862
2007-02-28,89780,LBC,LEHMAN BROS FIRST TR INC OP FD,15.06000,20200,-0.003968,-0.003968
2007-02-27,80599,LEH,LEHMAN BROTHERS HOLDINGS INC,74.19000,11309900,-0.046769,-0.046769
2007-02-27,89780,LBC,LEHMAN BROS FIRST TR INC OP FD,15.12000,54700,-0.005917,-0.005917
2007-02-26,89780,LBC,LEHMAN BROS FIRST TR INC OP FD,15.21000,24200,-0.005232,-0.005232
2007-02-26,80599,LEH,LEHMAN BROTHERS HOLDINGS INC,77.83000,7124875,-0.015309,-0.015309
2007-02-23,80599,LEH,LEHMAN BROTHERS HOLDINGS INC,79.04000,6568100,-0.036450,-0.036450
2007-02-23,89780,LBC,LEHMAN BROS FIRST TR INC OP FD,15.29000,45400,0.008575,0.008575
2007-02-22,80599,LEH,LEHMAN BROTHERS HOLDINGS INC,82.03000,3873700,-0.007381,-0.007381
2007-02-22,89780,LBC,LEHMAN BROS FIRST TR INC OP FD,15.16000,27600,-0.000659,-0.000659
2007-02-21,89780,LBC,LEHMAN BROS FIRST TR INC OP FD,15.17000,28800,-0.005898,-0.005898
2007-02-21,80599,LEH,LEHMAN BROTHERS HOLDINGS INC,82.64000,2794400,-0.005775,-0.005775
2007-02-20,89780,LBC,LEHMAN BROS FIRST TR INC OP FD,15.26000,15400,0.003947,0.003947
2007-02-20,80599,LEH,LEHMAN BROTHERS HOLDINGS INC,83.12000,2857500,0.006174,0.006174
2007-02-16,80599,LEH,LEHMAN BROTHERS HOLDINGS INC,82.61000,2819100,-0.008164,-0.008164
2007-02-16,89780,LBC,LEHMAN BROS FIRST TR INC OP FD,15.20000,56500,-0.005198,-0.012346
2007-02-15,80599,LEH,LEHMAN BROTHERS HOLDINGS INC,83.29000,3800500,-0.004304,-0.004304
2007-02-15,89780,LBC,LEHMAN BROS FIRST TR INC OP FD,15.39000,35900,-0.001946,-0.001946
2007-02-14,80599,LEH,LEHMAN BROTHERS HOLDINGS INC,83.65000,4542245,0.009900,0.009900
2007-02-14,89780,LBC,LEHMAN BROS FIRST TR INC OP FD,15.42000,23500,-0.000648,-0.000648
2007-02-13,89780,LBC,LEHMAN BROS FIRST TR INC OP FD,15.43000,17040,0.000000,0.000000
2007-02-13,80599,LEH,LEHMAN BROTHERS HOLDINGS INC,82.83000,3504414,0.007419,0.007419
2007-02-12,80599,LEH,LEHMAN BROTHERS HOLDINGS INC,82.22000,3737891,-0.012965,-0.012965
2007-02-12,89780,LBC,LEHMAN BROS FIRST TR INC OP FD,15.43000,18805,0.000649,0.000649
2007-02-09,89780,LBC,LEHMAN BROS FIRST TR INC OP FD,15.42000,32900,-0.007722,-0.007722
2007-02-09,80599,LEH,LEHMAN BROTHERS HOLDINGS INC,83.30000,5350900,-0.013267,-0.013267
2007-02-08,80599,LEH,LEHMAN BROTHERS HOLDINGS INC,84.42000,3986300,-0.013186,-0.014936
2007-02-08,89780,LBC,LEHMAN BROS FIRST TR INC OP FD,15.54000,15400,0.002581,0.002581
2007-02-07,80599,LEH,LEHMAN BROTHERS HOLDINGS INC,85.70000,2584500,0.001051,0.001051
2007-02-07,89780,LBC,LEHMAN BROS FIRST TR INC OP FD,15.50000,24700,0.005188,0.005188
2007-02-06,80599,LEH,LEHMAN BROTHERS HOLDINGS INC,85.61000,2526600,0.003634,0.003634
2007-02-06,89780,LBC,LEHMAN BROS FIRST TR INC OP FD,15.42000,26600,-0.006443,-0.006443
2007-02-05,89780,LBC,LEHMAN BROS FIRST TR INC OP FD,15.52000,18400,-0.002571,-0.002571
2007-02-05,80599,LEH,LEHMAN BROTHERS HOLDINGS INC,85.30000,2500600,-0.005828,-0.005828
2007-02-02,89780,LBC,LEHMAN BROS FIRST TR INC OP FD,15.56000,33000,0.010390,0.010390
2007-02-02,80599,LEH,LEHMAN BROTHERS HOLDINGS INC,85.80000,4674900,0.009768,0.009768
2007-02-01,80599,LEH,LEHMAN BROTHERS HOLDINGS INC,84.97000,8135200,0.033196,0.033196
2007-02-01,89780,LBC,LEHMAN BROS FIRST TR INC OP FD,15.40000,17600,0.000000,0.000000
2007-01-31,80599,LEH,LEHMAN BROTHERS HOLDINGS INC,82.24000,3506300,0.016061,0.016061
2007-01-31,89780,LBC,LEHMAN BROS FIRST TR INC OP FD,15.40000,17700,0.003257,0.003257
2007-01-30,89780,LBC,LEHMAN BROS FIRST TR INC OP FD,15.35000,22300,0.003924,0.003924
2007-01-30,80599,LEH,LEHMAN BROTHERS HOLDINGS INC,80.94000,3084500,0.003223,0.003223
2007-01-29,89780,LBC,LEHMAN BROS FIRST TR INC OP FD,15.29000,42600,0.003281,0.003281
2007-01-29,80599,LEH,LEHMAN BROTHERS HOLDINGS INC,80.68000,3192000,-0.004811,-0.004811
2007-01-26,89780,LBC,LEHMAN BROS FIRST TR INC OP FD,15.24000,23500,0.005277,0.005277
2007-01-26,80599,LEH,LEHMAN BROTHERS HOLDINGS INC,81.07000,3757700,0.001359,0.001359
2007-01-25,80599,LEH,LEHMAN BROTHERS HOLDINGS INC,80.96000,5682600,-0.036191,-0.036191
2007-01-25,89780,LBC,LEHMAN BROS FIRST TR INC OP FD,15.16000,21800,-0.008502,-0.008502
2007-01-24,89780,LBC,LEHMAN BROS FIRST TR INC OP FD,15.29000,33800,0.004599,0.004599
2007-01-24,80599,LEH,LEHMAN BROTHERS HOLDINGS INC,84.00000,3597300,0.018182,0.018182
2007-01-23,89780,LBC,LEHMAN BROS FIRST TR INC OP FD,15.22000,52800,-0.005879,-0.005879
2007-01-23,80599,LEH,LEHMAN BROTHERS HOLDINGS INC,82.50000,4311600,0.004627,0.004627
2007-01-22,89780,LBC,LEHMAN BROS FIRST TR INC OP FD,15.31000,53400,-0.001942,-0.009061
2007-01-22,80599,LEH,LEHMAN BROTHERS HOLDINGS INC,82.12000,4634600,-0.012387,-0.012387
2007-01-19,80599,LEH,LEHMAN BROTHERS HOLDINGS INC,83.15000,3645400,0.010328,0.010328
2007-01-19,89780,LBC,LEHMAN BROS FIRST TR INC OP FD,15.45000,17500,0.003247,0.003247
2007-01-18,80599,LEH,LEHMAN BROTHERS HOLDINGS INC,82.30000,4078100,-0.012242,-0.012242
2007-01-18,89780,LBC,LEHMAN BROS FIRST TR INC OP FD,15.40000,12600,0.000650,0.000650
2007-01-17,80599,LEH,LEHMAN BROTHERS HOLDINGS INC,83.32000,4336700,0.009572,0.009572
2007-01-17,89780,LBC,LEHMAN BROS FIRST TR INC OP FD,15.39000,14500,0.002606,0.002606
2007-01-16,89780,LBC,LEHMAN BROS FIRST TR INC OP FD,15.35000,29300,0.000000,0.000000
2007-01-16,80599,LEH,LEHMAN BROTHERS HOLDINGS INC,82.53000,3823800,-0.002538,-0.002538
2007-01-12,89780,LBC,LEHMAN BROS FIRST TR INC OP FD,15.35000,16200,0.000000,0.000000
2007-01-12,80599,LEH,LEHMAN BROTHERS HOLDINGS INC,82.74000,5642400,0.020096,0.020096
2007-01-11,80599,LEH,LEHMAN BROTHERS HOLDINGS INC,81.11000,5854000,0.019610,0.019610
2007-01-11,89780,LBC,LEHMAN BROS FIRST TR INC OP FD,15.35000,18500,-0.001301,-0.001301
2007-01-10,89780,LBC,LEHMAN BROS FIRST TR INC OP FD,15.37000,13200,0.000651,0.000651
2007-01-10,80599,LEH,LEHMAN BROTHERS HOLDINGS INC,79.55000,4393300,0.016743,0.016743
2007-01-09,80599,LEH,LEHMAN BROTHERS HOLDINGS INC,78.24000,4004600,0.000767,0.000767
2007-01-09,89780,LBC,LEHMAN BROS FIRST TR INC OP FD,15.36000,12500,0.007220,0.007220
2007-01-08,80599,LEH,LEHMAN BROTHERS HOLDINGS INC,78.18000,4393600,0.018765,0.018765
2007-01-08,89780,LBC,LEHMAN BROS FIRST TR INC OP FD,15.24990,9800,0.002623,0.002623
2007-01-05,80599,LEH,LEHMAN BROTHERS HOLDINGS INC,76.74000,5568300,-0.001301,-0.001301
2007-01-05,89780,LBC,LEHMAN BROS FIRST TR INC OP FD,15.21000,30700,-0.004581,-0.004581
2007-01-04,89780,LBC,LEHMAN BROS FIRST TR INC OP FD,15.28000,19600,-0.007792,-0.007792
2007-01-04,80599,LEH,LEHMAN BROTHERS HOLDINGS INC,76.84000,5994500,-0.022765,-0.022765
2007-01-03,89780,LBC,LEHMAN BROS FIRST TR INC OP FD,15.40000,30700,0.014493,0.014493
2007-01-03,80599,LEH,LEHMAN BROTHERS HOLDINGS INC,78.63000,5422500,0.006528,0.006528
